order_id,customer_id,order_date,due_date,payment_date,status,carrier,shipping_cost,total_weight_lbs,subtotal,taxable_amount,tax_rate,sales_tax,invoice_total,state,payment_terms,days_outstanding,aging_bucket
ORD-000012,CUST-00358,2023-01-07,2023-01-07,,Overdue,UPS,122.28,286.21,3121.24,1698.4,0.065,110.4,3353.92,WA,Due on Receipt,739,90+ Days
ORD-000014,CUST-00360,2023-01-08,2023-01-08,,Pending,Amazon Logistics,38.65,136.6,3393.9,0.0,0.0,0.0,3432.55,NH,Due on Receipt,738,90+ Days
ORD-000019,CUST-00182,2023-01-09,2023-01-09,,Overdue,USPS,22.72,58.4,1092.36,1092.36,0.04,43.69,1158.77,NY,Due on Receipt,737,90+ Days
ORD-000032,CUST-00380,2023-01-11,2023-01-11,,Overdue,Amazon Logistics,21.14,66.55,1288.7,1288.7,0.06,77.32,1387.16,VT,Due on Receipt,735,90+ Days
ORD-000051,CUST-00292,2023-01-18,2023-01-18,,Overdue,UPS,101.24,233.61,3360.93,3360.93,0.04,134.44,3596.61,AL,Due on Receipt,728,90+ Days
ORD-000054,CUST-00384,2023-01-20,2023-01-20,,Pending,DHL,43.98,63.42,573.48,573.48,0.06,34.41,651.87,FL,Due on Receipt,726,90+ Days
ORD-000058,CUST-00088,2023-01-23,2023-01-23,,Overdue,FedEx,107.51,220.03,6783.33,6783.33,0.04,271.33,7162.17,NY,Due on Receipt,723,90+ Days
ORD-000059,CUST-00022,2023-01-24,2023-01-24,,Pending,Amazon Logistics,12.99,33.96,98.16,98.16,0.04,3.93,115.08,AL,Due on Receipt,722,90+ Days
ORD-000061,CUST-00239,2023-01-24,2023-01-24,,Overdue,FedEx,34.6,58.0,998.75,998.75,0.0725,72.41,1105.76,CA,Due on Receipt,722,90+ Days
ORD-000062,CUST-00358,2023-01-25,2023-01-25,,Pending,DHL,143.02,243.49,2139.58,2003.94,0.065,130.26,2412.86,WA,Due on Receipt,721,90+ Days
ORD-000069,CUST-00439,2023-01-30,2023-01-30,,Pending,USPS,16.31,37.04,210.88,210.88,0.065,13.71,240.9,WA,Due on Receipt,716,90+ Days
ORD-000079,CUST-00291,2023-02-05,2023-03-07,,Overdue,UPS,30.46,56.66,3821.22,3821.22,0.0625,238.83,4090.51,MA,Net 30,680,90+ Days
ORD-000092,CUST-00302,2023-02-09,2023-02-09,,Overdue,DHL,124.78,210.33,2068.29,2068.29,0.045,93.07,2286.14,SD,Due on Receipt,706,90+ Days
ORD-000119,CUST-00172,2023-02-15,2023-02-15,,Overdue,UPS,16.36,21.4,378.42,378.42,0.0445,16.84,411.62,LA,Due on Receipt,700,90+ Days
ORD-000140,CUST-00464,2023-02-25,2023-02-25,,Pending,USPS,97.52,307.72,1641.74,1641.74,0.065,106.71,1845.97,KS,Due on Receipt,690,90+ Days
ORD-000152,CUST-00299,2023-03-01,2023-03-01,,Overdue,UPS,60.71,132.28,2513.02,2513.02,0.0575,144.5,2718.23,OH,Due on Receipt,686,90+ Days
ORD-000167,CUST-00176,2023-03-03,2023-03-03,,Overdue,UPS,10.01,5.52,711.42,0.0,0.05,0.0,721.43,WI,Due on Receipt,684,90+ Days
ORD-000170,CUST-00254,2023-03-03,2023-03-03,,Pending,DHL,178.99,308.89,3542.92,3542.92,0.07,248.0,3969.91,RI,Due on Receipt,684,90+ Days
ORD-000173,CUST-00304,2023-03-04,2023-03-04,,Pending,Amazon Logistics,7.9,13.61,31.44,0.0,0.0725,0.0,39.34,CA,Due on Receipt,683,90+ Days
ORD-000174,CUST-00335,2023-03-04,2023-03-04,,Overdue,USPS,90.96,285.88,7028.81,6791.67,0.065,441.46,7561.23,WA,Due on Receipt,683,90+ Days
ORD-000175,CUST-00322,2023-03-04,2023-03-04,,Overdue,Amazon Logistics,14.12,38.49,406.92,0.0,0.0575,0.0,421.04,OH,Due on Receipt,683,90+ Days
ORD-000183,CUST-00168,2023-03-05,2023-03-05,,Overdue,USPS,41.82,122.08,1415.61,1415.61,0.04,56.62,1514.05,AL,Due on Receipt,682,90+ Days
ORD-000187,CUST-00261,2023-03-06,2023-04-05,,Overdue,FedEx,181.31,384.02,3855.12,3697.92,0.0,0.0,4036.43,OR,Net 30,651,90+ Days
ORD-000205,CUST-00455,2023-03-09,2023-04-08,,Pending,DHL,66.92,105.12,2257.38,2257.38,0.045,101.58,2425.88,OK,Net 30,648,90+ Days
ORD-000206,CUST-00153,2023-03-10,2023-03-10,,Overdue,Amazon Logistics,89.9,341.58,2712.9,2712.9,0.04,108.52,2911.32,NY,Due on Receipt,677,90+ Days
ORD-000209,CUST-00085,2023-03-11,2023-03-11,,Pending,USPS,32.06,89.53,953.05,953.05,0.04,38.12,1023.23,NY,Due on Receipt,676,90+ Days
ORD-000210,CUST-00354,2023-03-11,2023-05-10,,Pending,FedEx,20.47,26.6,667.4,667.4,0.06,40.04,727.91,PA,Net 60,616,90+ Days
ORD-000212,CUST-00134,2023-03-11,2023-03-11,,Pending,UPS,62.65,137.13,726.66,726.66,0.05125,37.24,826.55,NM,Due on Receipt,676,90+ Days
ORD-000216,CUST-00334,2023-03-13,2023-05-12,,Pending,USPS,21.76,55.2,1823.56,1823.56,0.07,127.65,1972.97,IN,Net 60,614,90+ Days
ORD-000217,CUST-00444,2023-03-13,2023-03-13,,Overdue,DHL,184.23,318.41,2632.1,2632.1,0.07,184.25,3000.58,RI,Due on Receipt,674,90+ Days
ORD-000221,CUST-00408,2023-03-13,2023-03-13,,Overdue,DHL,102.22,169.3,3253.55,3253.55,0.0445,144.78,3500.55,LA,Due on Receipt,674,90+ Days
ORD-000226,CUST-00111,2023-03-15,2023-03-15,,Overdue,Amazon Logistics,10.77,25.1,1058.2,1058.2,0.06,63.49,1132.46,IA,Due on Receipt,672,90+ Days
ORD-000239,CUST-00293,2023-03-16,2023-05-15,,Pending,USPS,32.29,90.3,2061.43,2061.43,0.0625,128.84,2222.56,TX,Net 60,611,90+ Days
ORD-000249,CUST-00466,2023-03-19,2023-03-19,,Overdue,DHL,110.74,184.8,1820.92,1820.92,0.065,118.36,2050.02,KS,Due on Receipt,668,90+ Days
ORD-000253,CUST-00128,2023-03-20,2023-03-20,,Pending,FedEx,182.22,386.05,4580.99,4580.99,0.0485,222.18,4985.39,UT,Due on Receipt,667,90+ Days
ORD-000258,CUST-00202,2023-03-20,2023-05-19,,Pending,UPS,56.36,121.39,2126.09,2126.09,0.04,85.04,2267.49,GA,Net 60,607,90+ Days
ORD-000261,CUST-00390,2023-03-20,2023-03-20,,Overdue,UPS,43.85,90.12,1719.47,1719.47,0.0625,107.47,1870.79,TX,Due on Receipt,667,90+ Days
ORD-000265,CUST-00335,2023-03-21,2023-03-21,,Pending,Amazon Logistics,40.34,143.34,1536.0,1536.0,0.065,99.84,1676.18,WA,Due on Receipt,666,90+ Days
ORD-000281,CUST-00464,2023-03-24,2023-03-24,,Overdue,USPS,6.82,5.4,1479.04,1479.04,0.065,96.14,1582.0,KS,Due on Receipt,663,90+ Days
ORD-000285,CUST-00150,2023-03-25,2023-03-25,,Pending,USPS,39.39,113.98,1667.18,1667.18,0.0625,104.2,1810.77,TX,Due on Receipt,662,90+ Days
ORD-000287,CUST-00227,2023-03-25,2023-05-24,,Overdue,FedEx,10.5,4.44,1749.9,1749.9,0.06,104.99,1865.39,FL,Net 60,602,90+ Days
ORD-000292,CUST-00494,2023-03-26,2023-04-25,,Overdue,Amazon Logistics,55.78,205.12,2124.56,2124.56,0.0575,122.16,2302.5,OH,Net 30,631,90+ Days
ORD-000314,CUST-00450,2023-03-30,2023-03-30,,Overdue,UPS,11.88,10.2,1533.56,0.0,0.0475,0.0,1545.44,NC,Due on Receipt,657,90+ Days
ORD-000315,CUST-00084,2023-03-30,2023-03-30,,Overdue,Amazon Logistics,41.34,147.36,2858.25,2858.25,0.06,171.5,3071.09,WV,Due on Receipt,657,90+ Days
ORD-000331,CUST-00183,2023-04-02,2023-05-02,,Overdue,DHL,72.41,115.11,1225.35,1225.35,0.05,61.27,1359.03,WI,Net 30,624,90+ Days
ORD-000333,CUST-00194,2023-04-02,2023-06-01,,Pending,USPS,30.91,85.7,2960.84,2249.42,0.06,134.97,3126.72,KY,Net 60,594,90+ Days
ORD-000339,CUST-00467,2023-04-03,2023-04-03,,Overdue,FedEx,82.12,163.59,1608.67,1608.67,0.06875,110.6,1801.39,MN,Due on Receipt,653,90+ Days
ORD-000343,CUST-00256,2023-04-03,2023-04-03,,Overdue,Amazon Logistics,86.38,327.5,3169.5,3169.5,0.06,190.17,3446.05,PA,Due on Receipt,653,90+ Days
ORD-000344,CUST-00074,2023-04-03,2023-04-03,,Overdue,USPS,51.04,152.8,1337.4,1337.4,0.06,80.24,1468.68,IA,Due on Receipt,653,90+ Days
ORD-000347,CUST-00352,2023-04-03,2023-04-03,,Pending,UPS,72.8,162.49,4508.25,4508.25,0.04,180.33,4761.38,NY,Due on Receipt,653,90+ Days
ORD-000349,CUST-00472,2023-04-04,2023-04-04,,Overdue,UPS,29.62,54.54,3600.0,3600.0,0.0475,171.0,3800.62,NC,Due on Receipt,652,90+ Days
ORD-000383,CUST-00410,2023-04-11,2023-04-11,,Pending,USPS,43.05,126.18,1230.48,1230.48,0.056,68.91,1342.44,AZ,Due on Receipt,645,90+ Days
ORD-000397,CUST-00244,2023-04-13,2023-04-13,,Overdue,DHL,114.18,191.06,3559.46,1425.2,0.0,0.0,3673.64,AK,Due on Receipt,643,90+ Days
ORD-000399,CUST-00260,2023-04-14,2023-04-14,,Pending,DHL,117.13,196.41,3479.64,3242.5,0.065,210.76,3807.53,KS,Due on Receipt,642,90+ Days
ORD-000402,CUST-00164,2023-04-14,2023-04-14,,Pending,Amazon Logistics,28.65,96.6,3191.23,3191.23,0.0575,183.5,3403.38,OH,Due on Receipt,642,90+ Days
ORD-000404,CUST-00248,2023-04-14,2023-04-14,,Pending,DHL,179.84,310.44,9056.83,9056.83,0.0725,656.62,9893.29,CA,Due on Receipt,642,90+ Days
ORD-000417,CUST-00182,2023-04-17,2023-04-17,,Pending,FedEx,115.3,237.34,4731.71,4731.71,0.04,189.27,5036.28,NY,Due on Receipt,639,90+ Days
ORD-000428,CUST-00453,2023-04-19,2023-04-19,,Overdue,DHL,90.23,147.51,749.17,749.17,0.0685,51.32,890.72,NV,Due on Receipt,637,90+ Days
ORD-000433,CUST-00365,2023-04-19,2023-04-19,,Overdue,UPS,80.28,181.19,1827.56,1827.56,0.04,73.1,1980.94,HI,Due on Receipt,637,90+ Days
ORD-000438,CUST-00309,2023-04-21,2023-04-21,,Overdue,UPS,42.72,87.31,475.3,475.3,0.0575,27.33,545.35,OH,Due on Receipt,635,90+ Days
ORD-000443,CUST-00341,2023-04-22,2023-04-22,,Pending,FedEx,67.35,130.77,1075.95,1075.95,0.0575,61.87,1205.17,OH,Due on Receipt,634,90+ Days
ORD-000448,CUST-00111,2023-04-24,2023-04-24,,Overdue,FedEx,92.75,187.22,1098.38,1098.38,0.06,65.9,1257.03,IA,Due on Receipt,632,90+ Days
ORD-000455,CUST-00364,2023-04-25,2023-04-25,,Pending,Amazon Logistics,26.96,89.86,994.31,994.31,0.045,44.74,1066.01,SD,Due on Receipt,631,90+ Days
ORD-000458,CUST-00035,2023-04-26,2023-04-26,,Overdue,DHL,116.68,195.6,4042.65,4042.65,0.0575,232.45,4391.78,OH,Due on Receipt,630,90+ Days
ORD-000460,CUST-00496,2023-04-26,2023-04-26,,Pending,DHL,205.27,356.67,4835.04,4563.76,0.065,296.64,5336.95,WA,Due on Receipt,630,90+ Days
ORD-000470,CUST-00020,2023-04-28,2023-04-28,,Overdue,UPS,15.34,18.86,10.66,10.66,0.0575,0.61,26.61,OH,Due on Receipt,628,90+ Days
ORD-000476,CUST-00457,2023-04-30,2023-04-30,,Pending,Amazon Logistics,75.88,285.5,7955.27,7955.27,0.0725,576.76,8607.91,CA,Due on Receipt,626,90+ Days
ORD-000478,CUST-00181,2023-04-30,2023-06-29,,Overdue,DHL,42.07,59.94,4368.78,4368.78,0.066,288.34,4699.19,NJ,Net 60,566,90+ Days
ORD-000479,CUST-00155,2023-04-30,2023-04-30,,Overdue,UPS,117.4,273.99,4457.52,4457.52,0.045,200.59,4775.51,SD,Due on Receipt,626,90+ Days
ORD-000487,CUST-00206,2023-05-02,2023-06-01,,Pending,DHL,203.67,353.76,3862.38,3862.38,0.04,154.5,4220.55,HI,Net 30,594,90+ Days
ORD-000504,CUST-00334,2023-05-07,2023-07-06,,Overdue,USPS,18.52,44.4,1743.49,1743.49,0.07,122.04,1884.05,IN,Net 60,559,90+ Days
ORD-000514,CUST-00144,2023-05-10,2023-05-10,,Pending,UPS,80.92,182.8,905.6,905.6,0.0575,52.07,1038.59,OH,Due on Receipt,616,90+ Days
ORD-000515,CUST-00223,2023-05-11,2023-05-11,,Overdue,UPS,46.21,96.03,2259.18,2259.18,0.0445,100.53,2405.92,LA,Due on Receipt,615,90+ Days
ORD-000521,CUST-00369,2023-05-12,2023-05-12,,Overdue,FedEx,33.27,55.04,1145.59,1145.59,0.05,57.28,1236.14,ND,Due on Receipt,614,90+ Days
ORD-000523,CUST-00138,2023-05-12,2023-05-12,,Overdue,FedEx,12.64,9.2,1185.7,0.0,0.0635,0.0,1198.34,CT,Due on Receipt,614,90+ Days
ORD-000527,CUST-00190,2023-05-13,2023-05-13,,Overdue,DHL,89.01,145.3,1195.5,1195.5,0.065,77.71,1362.22,AR,Due on Receipt,613,90+ Days
ORD-000528,CUST-00329,2023-05-13,2023-05-13,,Pending,USPS,12.52,24.4,566.14,566.14,0.0625,35.38,614.04,TX,Due on Receipt,613,90+ Days
ORD-000529,CUST-00422,2023-05-13,2023-07-12,,Pending,USPS,27.36,73.88,1698.35,1698.35,0.0625,106.15,1831.86,IL,Net 60,553,90+ Days
ORD-000533,CUST-00290,2023-05-14,2023-05-14,,Overdue,Amazon Logistics,18.23,54.9,543.96,543.96,0.04,21.76,583.95,GA,Due on Receipt,612,90+ Days
ORD-000534,CUST-00457,2023-05-14,2023-05-14,,Pending,UPS,117.2,273.49,4452.91,4452.91,0.0725,322.84,4892.95,CA,Due on Receipt,612,90+ Days
ORD-000535,CUST-00351,2023-05-14,2023-05-14,,Pending,FedEx,148.06,310.13,7913.89,7913.89,0.06,474.83,8536.78,FL,Due on Receipt,612,90+ Days
ORD-000541,CUST-00443,2023-05-16,2023-05-16,,Overdue,FedEx,50.8,94.0,850.7,850.7,0.04,34.03,935.53,NY,Due on Receipt,610,90+ Days
ORD-000548,CUST-00045,2023-05-18,2023-07-17,,Overdue,DHL,41.15,58.27,2063.8,2063.8,0.0725,149.63,2254.58,CA,Net 60,548,90+ Days
ORD-000551,CUST-00201,2023-05-18,2023-05-18,,Overdue,UPS,83.72,189.8,2748.8,2748.8,0.065,178.67,3011.19,WA,Due on Receipt,608,90+ Days
ORD-000552,CUST-00211,2023-05-18,2023-05-18,,Overdue,UPS,67.7,149.75,3238.2,3238.2,0.06,194.29,3500.19,PA,Due on Receipt,608,90+ Days
ORD-000574,CUST-00476,2023-05-21,2023-05-21,,Pending,Amazon Logistics,47.5,172.01,4964.74,1419.91,0.04,56.8,5069.04,GA,Due on Receipt,605,90+ Days
ORD-000582,CUST-00266,2023-05-22,2023-05-22,,Overdue,USPS,10.76,18.52,105.44,105.44,0.065,6.85,123.05,WA,Due on Receipt,604,90+ Days
ORD-000583,CUST-00135,2023-05-22,2023-05-22,,Overdue,Amazon Logistics,84.78,321.13,3081.33,3081.33,0.0,0.0,3166.11,DE,Due on Receipt,604,90+ Days
ORD-000602,CUST-00298,2023-05-26,2023-05-26,,Pending,UPS,21.12,33.3,2427.1,2427.1,0.0,0.0,2448.22,MT,Due on Receipt,600,90+ Days
ORD-000605,CUST-00152,2023-05-26,2023-05-26,,Overdue,FedEx,57.51,108.9,2637.26,2637.26,0.04,105.49,2800.26,GA,Due on Receipt,600,90+ Days
ORD-000613,CUST-00371,2023-05-27,2023-05-27,,Overdue,Amazon Logistics,52.83,193.33,3157.14,3157.14,0.04225,133.39,3343.36,MO,Due on Receipt,599,90+ Days
ORD-000616,CUST-00406,2023-05-28,2023-05-28,,Overdue,DHL,12.81,6.75,1848.8,1848.8,0.0,0.0,1861.61,MT,Due on Receipt,598,90+ Days
ORD-000625,CUST-00142,2023-05-30,2023-05-30,,Pending,USPS,101.31,320.36,5825.01,3908.06,0.065,254.02,6180.34,WA,Due on Receipt,596,90+ Days
ORD-000653,CUST-00354,2023-06-06,2023-08-05,,Pending,Amazon Logistics,81.84,309.38,7235.12,7235.12,0.06,434.11,7751.07,PA,Net 60,529,90+ Days
ORD-000654,CUST-00082,2023-06-06,2023-06-06,,Overdue,DHL,40.42,56.94,824.64,824.64,0.0685,56.49,921.55,NV,Due on Receipt,589,90+ Days
ORD-000665,CUST-00484,2023-06-09,2023-07-09,,Overdue,DHL,119.94,201.52,3806.06,3094.64,0.0475,147.0,4073.0,NC,Net 30,556,90+ Days
ORD-000675,CUST-00357,2023-06-13,2023-06-13,,Overdue,FedEx,25.04,36.75,943.3,943.3,0.04,37.73,1006.07,HI,Due on Receipt,582,90+ Days
ORD-000682,CUST-00412,2023-06-15,2023-06-15,,Overdue,FedEx,32.58,53.5,946.05,946.05,0.05,47.3,1025.93,WI,Due on Receipt,580,90+ Days
ORD-000686,CUST-00172,2023-06-17,2023-06-17,,Overdue,DHL,163.05,279.91,3871.67,3871.67,0.0445,172.29,4207.01,LA,Due on Receipt,578,90+ Days
ORD-000712,CUST-00255,2023-06-22,2023-06-22,,Pending,UPS,23.65,39.62,114.52,114.52,0.0,0.0,138.17,DE,Due on Receipt,573,90+ Days
ORD-000713,CUST-00055,2023-06-23,2023-06-23,,Overdue,UPS,16.13,20.82,665.67,665.67,0.05,33.28,715.08,ND,Due on Receipt,572,90+ Days
ORD-000721,CUST-00258,2023-06-26,2023-06-26,,Pending,FedEx,40.93,72.06,748.11,748.11,0.04,29.92,818.96,GA,Due on Receipt,569,90+ Days
ORD-000729,CUST-00266,2023-06-28,2023-06-28,,Overdue,UPS,23.75,39.88,782.53,782.53,0.065,50.86,857.14,WA,Due on Receipt,567,90+ Days
ORD-000739,CUST-00295,2023-06-30,2023-06-30,,Overdue,FedEx,61.28,117.29,2376.86,2376.86,0.0,0.0,2438.14,DE,Due on Receipt,565,90+ Days
ORD-000746,CUST-00194,2023-07-02,2023-08-31,,Overdue,USPS,101.5,321.0,1319.6,1319.6,0.06,79.18,1500.28,KY,Net 60,503,90+ Days
ORD-000750,CUST-00228,2023-07-02,2023-07-02,,Overdue,FedEx,284.62,613.61,6587.26,6587.26,0.0625,411.7,7283.58,IL,Due on Receipt,563,90+ Days
ORD-000751,CUST-00040,2023-07-03,2023-07-03,,Overdue,UPS,104.49,241.72,7178.88,7178.88,0.0,0.0,7283.37,NH,Due on Receipt,562,90+ Days
ORD-000754,CUST-00494,2023-07-03,2023-08-02,,Pending,DHL,103.42,171.5,2570.0,2570.0,0.0575,147.78,2821.2,OH,Net 30,532,90+ Days
ORD-000766,CUST-00162,2023-07-05,2023-07-05,,Overdue,DHL,12.89,6.9,715.15,715.15,0.0,0.0,728.04,OR,Due on Receipt,560,90+ Days
ORD-000767,CUST-00052,2023-07-06,2023-07-06,,Pending,USPS,47.37,140.58,2210.54,2210.54,0.06,132.63,2390.54,FL,Due on Receipt,559,90+ Days
ORD-000770,CUST-00451,2023-07-07,2023-07-07,,Overdue,DHL,15.14,10.98,483.72,483.72,0.04,19.35,518.21,GA,Due on Receipt,558,90+ Days
ORD-000780,CUST-00426,2023-07-10,2023-07-10,,Overdue,DHL,49.53,73.5,1886.6,1886.6,0.0475,89.61,2025.74,NC,Due on Receipt,555,90+ Days
ORD-000784,CUST-00030,2023-07-12,2023-08-11,,Pending,UPS,151.3,358.74,2979.48,2979.48,0.055,163.87,3294.65,NE,Net 30,523,90+ Days
ORD-000785,CUST-00383,2023-07-12,2023-07-12,,Pending,USPS,56.92,172.4,2716.64,2716.64,0.0475,129.04,2902.6,NC,Due on Receipt,553,90+ Days
ORD-000792,CUST-00390,2023-07-15,2023-07-15,,Overdue,USPS,63.39,193.95,3056.22,3056.22,0.0625,191.01,3310.62,TX,Due on Receipt,550,90+ Days
ORD-000795,CUST-00458,2023-07-16,2023-08-15,,Overdue,UPS,11.78,9.95,141.01,141.01,0.065,9.17,161.96,WA,Net 30,519,90+ Days
ORD-000799,CUST-00288,2023-07-17,2023-09-15,,Overdue,USPS,51.95,155.82,2637.83,2637.83,0.04,105.51,2795.29,GA,Net 60,488,90+ Days
ORD-000804,CUST-00326,2023-07-18,2023-07-18,,Overdue,DHL,27.24,32.98,349.82,349.82,0.0575,20.11,397.17,OH,Due on Receipt,547,90+ Days
ORD-000806,CUST-00053,2023-07-19,2023-07-19,,Pending,UPS,99.97,230.42,3604.75,3604.75,0.029,104.54,3809.26,CO,Due on Receipt,546,90+ Days
ORD-000820,CUST-00391,2023-07-23,2023-07-23,,Pending,USPS,21.44,54.12,121.0,121.0,0.0475,5.75,148.19,NC,Due on Receipt,542,90+ Days
ORD-000821,CUST-00332,2023-07-23,2023-08-22,,Pending,DHL,96.81,159.48,3586.82,3586.82,0.065,233.14,3916.77,AR,Net 30,512,90+ Days
ORD-000826,CUST-00250,2023-07-24,2023-07-24,,Overdue,USPS,9.04,12.79,136.15,136.15,0.0625,8.51,153.7,TX,Due on Receipt,541,90+ Days
ORD-000843,CUST-00419,2023-07-27,2023-07-27,,Overdue,USPS,28.2,76.68,5226.42,5226.42,0.06,313.59,5568.21,VT,Due on Receipt,538,90+ Days
ORD-000847,CUST-00485,2023-07-28,2023-07-28,,Pending,DHL,178.72,308.4,3715.37,3715.37,0.04,148.61,4042.7,GA,Due on Receipt,537,90+ Days
ORD-000857,CUST-00253,2023-07-31,2023-07-31,,Overdue,DHL,29.14,36.44,539.64,539.64,0.07,37.77,606.55,TN,Due on Receipt,534,90+ Days
ORD-000859,CUST-00499,2023-07-31,2023-07-31,,Overdue,UPS,76.9,172.76,2048.34,2048.34,0.07,143.38,2268.62,MS,Due on Receipt,534,90+ Days
ORD-000861,CUST-00022,2023-07-31,2023-07-31,,Pending,USPS,121.16,386.54,5361.12,2646.0,0.04,105.84,5588.12,AL,Due on Receipt,534,90+ Days
ORD-000887,CUST-00396,2023-08-05,2023-08-05,,Pending,UPS,73.6,164.5,5210.72,5210.72,0.06,312.64,5596.96,PA,Due on Receipt,529,90+ Days
ORD-000888,CUST-00103,2023-08-06,2023-08-06,,Overdue,DHL,76.07,121.77,272.25,272.25,0.045,12.25,360.57,OK,Due on Receipt,528,90+ Days
ORD-000892,CUST-00176,2023-08-08,2023-08-08,,Pending,FedEx,16.83,18.52,105.44,105.44,0.05,5.27,127.54,WI,Due on Receipt,526,90+ Days
ORD-000896,CUST-00483,2023-08-08,2023-08-08,,Pending,USPS,53.35,160.51,2346.13,2346.13,0.0575,134.9,2534.38,OH,Due on Receipt,526,90+ Days
ORD-000907,CUST-00400,2023-08-13,2023-08-13,,Pending,Amazon Logistics,15.07,42.28,382.32,382.32,0.07,26.76,424.15,TN,Due on Receipt,521,90+ Days
ORD-000908,CUST-00358,2023-08-14,2023-08-14,,Overdue,USPS,64.74,198.48,9672.55,9672.55,0.065,628.72,10366.01,WA,Due on Receipt,520,90+ Days
ORD-000912,CUST-00187,2023-08-14,2023-09-13,,Pending,UPS,19.78,29.96,898.64,898.64,0.06,53.92,972.34,DC,Net 30,490,90+ Days
ORD-000915,CUST-00332,2023-08-15,2023-09-14,,Overdue,DHL,57.31,87.65,4230.07,1162.95,0.065,75.59,4362.97,AR,Net 30,489,90+ Days
ORD-000917,CUST-00306,2023-08-16,2023-08-16,,Pending,USPS,48.58,144.6,4972.5,4972.5,0.0625,310.78,5331.86,TX,Due on Receipt,518,90+ Days
ORD-000919,CUST-00283,2023-08-16,2023-08-16,,Overdue,UPS,17.04,23.1,914.25,914.25,0.06,54.85,986.14,MD,Due on Receipt,518,90+ Days
ORD-000921,CUST-00034,2023-08-16,2023-09-15,,Pending,USPS,49.79,148.63,5222.04,3305.09,0.0725,239.62,5511.45,CA,Net 30,488,90+ Days
ORD-000924,CUST-00375,2023-08-17,2023-10-16,,Overdue,DHL,41.07,58.12,478.2,478.2,0.0625,29.89,549.16,IL,Net 60,457,90+ Days
ORD-000931,CUST-00487,2023-08-18,2023-09-17,,Pending,UPS,85.31,193.77,2703.6,2703.6,0.0625,168.97,2957.88,TX,Net 30,486,90+ Days
ORD-000938,CUST-00061,2023-08-20,2023-08-20,,Overdue,USPS,29.78,81.92,473.15,473.15,0.0725,34.3,537.23,CA,Due on Receipt,514,90+ Days
ORD-000941,CUST-00080,2023-08-21,2023-08-21,,Overdue,DHL,49.82,74.04,877.86,877.86,0.06,52.67,980.35,MI,Due on Receipt,513,90+ Days
ORD-000959,CUST-00033,2023-08-27,2023-08-27,,Pending,DHL,180.18,311.05,6601.23,6601.23,0.06,396.07,7177.48,PA,Due on Receipt,507,90+ Days
ORD-000966,CUST-00227,2023-08-29,2023-10-28,,Overdue,DHL,24.14,27.34,185.26,185.26,0.06,11.12,220.52,FL,Net 60,445,90+ Days
ORD-000969,CUST-00466,2023-08-30,2023-08-30,,Pending,Amazon Logistics,41.2,146.82,2604.96,2604.96,0.065,169.32,2815.48,KS,Due on Receipt,504,90+ Days
ORD-000970,CUST-00236,2023-08-30,2023-10-29,,Overdue,FedEx,54.49,102.2,1911.63,1911.63,0.0475,90.8,2056.92,NC,Net 60,444,90+ Days
ORD-000987,CUST-00283,2023-09-04,2023-09-04,,Pending,Amazon Logistics,38.75,137.01,2107.15,2107.15,0.06,126.43,2272.33,MD,Due on Receipt,499,90+ Days
ORD-000997,CUST-00260,2023-09-06,2023-09-06,,Pending,DHL,128.03,216.24,4979.49,4979.49,0.065,323.67,5431.19,KS,Due on Receipt,497,90+ Days
ORD-001006,CUST-00211,2023-09-09,2023-09-09,,Overdue,Amazon Logistics,88.63,336.53,6066.65,6066.65,0.06,364.0,6519.28,PA,Due on Receipt,494,90+ Days
ORD-001015,CUST-00326,2023-09-11,2023-09-11,,Overdue,Amazon Logistics,25.81,85.24,1185.72,1185.72,0.0575,68.18,1279.71,OH,Due on Receipt,492,90+ Days
ORD-001021,CUST-00308,2023-09-12,2023-09-12,,Overdue,DHL,21.86,23.2,399.5,399.5,0.04225,16.88,438.24,MO,Due on Receipt,491,90+ Days
ORD-001023,CUST-00298,2023-09-13,2023-09-13,,Overdue,UPS,94.91,217.77,2518.98,2518.98,0.0,0.0,2613.89,MT,Due on Receipt,490,90+ Days
ORD-001026,CUST-00399,2023-09-14,2023-11-13,,Pending,DHL,91.15,149.18,1907.56,1907.56,0.05,95.38,2094.09,WI,Net 60,429,90+ Days
ORD-001030,CUST-00342,2023-09-14,2023-09-14,,Overdue,USPS,56.65,171.5,2707.81,2707.81,0.04,108.31,2872.77,NY,Due on Receipt,489,90+ Days
ORD-001031,CUST-00131,2023-09-15,2023-09-15,,Pending,UPS,65.38,143.95,1374.32,1238.68,0.0685,84.85,1524.55,NV,Due on Receipt,488,90+ Days
ORD-001036,CUST-00286,2023-09-16,2023-09-16,,Pending,Amazon Logistics,12.08,30.32,373.36,373.36,0.0575,21.47,406.91,OH,Due on Receipt,487,90+ Days
ORD-001048,CUST-00242,2023-09-19,2023-10-19,,Overdue,UPS,37.0,73.0,1365.45,1365.45,0.0625,85.34,1487.79,IL,Net 30,454,90+ Days
ORD-001054,CUST-00183,2023-09-21,2023-10-21,,Overdue,DHL,77.41,124.2,4103.01,4103.01,0.05,205.15,4385.57,WI,Net 30,452,90+ Days
ORD-001070,CUST-00470,2023-09-24,2023-10-24,,Overdue,USPS,16.17,36.56,181.12,181.12,0.04,7.24,204.53,AL,Net 30,449,90+ Days
ORD-001072,CUST-00335,2023-09-25,2023-09-25,,Overdue,DHL,22.43,24.24,1600.0,1600.0,0.065,104.0,1726.43,WA,Due on Receipt,478,90+ Days
ORD-001074,CUST-00252,2023-09-26,2023-09-26,,Overdue,DHL,120.86,203.2,4614.08,4614.08,0.065,299.92,5034.86,WA,Due on Receipt,477,90+ Days
ORD-001094,CUST-00063,2023-10-04,2023-10-04,,Overdue,UPS,127.04,298.1,3126.48,3126.48,0.065,203.22,3456.74,WA,Due on Receipt,469,90+ Days
ORD-001098,CUST-00463,2023-10-06,2023-10-06,,Pending,Amazon Logistics,101.39,387.58,3852.9,3852.9,0.04225,162.79,4117.08,MO,Due on Receipt,467,90+ Days
ORD-001105,CUST-00175,2023-10-08,2023-10-08,,Pending,DHL,154.6,264.54,5694.66,5694.66,0.04,227.79,6077.05,GA,Due on Receipt,465,90+ Days
ORD-001110,CUST-00399,2023-10-11,2023-12-10,,Pending,USPS,62.54,191.13,3341.44,3341.44,0.05,167.07,3571.05,WI,Net 60,402,90+ Days
ORD-001116,CUST-00141,2023-10-12,2023-10-12,,Overdue,UPS,57.01,123.03,833.67,833.67,0.06,50.02,940.7,PA,Due on Receipt,461,90+ Days
ORD-001117,CUST-00424,2023-10-13,2023-10-13,,Overdue,UPS,47.3,98.74,4162.62,4162.62,0.0625,260.16,4470.08,TX,Due on Receipt,460,90+ Days
ORD-001119,CUST-00450,2023-10-14,2023-10-14,,Overdue,FedEx,147.69,309.32,3258.61,3258.61,0.0475,154.78,3561.08,NC,Due on Receipt,459,90+ Days
ORD-001128,CUST-00265,2023-10-17,2023-10-17,,Pending,DHL,111.62,186.4,3622.86,3622.86,0.0475,172.09,3906.57,NC,Due on Receipt,456,90+ Days
ORD-001134,CUST-00406,2023-10-18,2023-10-18,,Overdue,Amazon Logistics,23.66,76.62,1364.88,1364.88,0.0,0.0,1388.54,MT,Due on Receipt,455,90+ Days
ORD-001166,CUST-00499,2023-10-25,2023-10-25,,Pending,UPS,50.08,105.7,955.8,955.8,0.07,66.91,1072.79,MS,Due on Receipt,448,90+ Days
ORD-001174,CUST-00117,2023-10-26,2023-10-26,,Pending,FedEx,112.23,230.5,3153.88,3153.88,0.0625,197.12,3463.23,TX,Due on Receipt,447,90+ Days
ORD-001180,CUST-00098,2023-10-29,2023-10-29,,Overdue,USPS,17.59,41.31,188.41,188.41,0.065,12.25,218.25,AR,Due on Receipt,444,90+ Days
ORD-001183,CUST-00453,2023-10-30,2023-10-30,,Overdue,DHL,106.35,176.81,1920.48,1920.48,0.0685,131.55,2158.38,NV,Due on Receipt,443,90+ Days
ORD-001193,CUST-00001,2023-11-02,2023-11-02,,Pending,UPS,95.12,218.31,4645.59,4645.59,0.04225,196.28,4936.99,MO,Due on Receipt,440,90+ Days
ORD-001195,CUST-00238,2023-11-02,2023-11-02,,Overdue,USPS,41.25,120.16,3699.12,3699.12,0.06,221.95,3962.32,PA,Due on Receipt,440,90+ Days
ORD-001196,CUST-00277,2023-11-02,2024-01-01,,Pending,DHL,55.75,84.82,6018.06,6018.06,0.04,240.72,6314.53,GA,Net 60,380,90+ Days
ORD-001210,CUST-00167,2023-11-04,2023-11-04,,Pending,FedEx,124.4,257.55,3716.54,3716.54,0.05,185.83,4026.77,ND,Due on Receipt,438,90+ Days
ORD-001218,CUST-00151,2023-11-05,2023-11-05,,Pending,DHL,53.8,81.28,3066.6,3066.6,0.06,184.0,3304.4,IA,Due on Receipt,437,90+ Days
ORD-001220,CUST-00080,2023-11-05,2023-11-05,,Pending,DHL,31.08,39.96,2912.52,2912.52,0.06,174.75,3118.35,MI,Due on Receipt,437,90+ Days
ORD-001223,CUST-00183,2023-11-05,2023-12-05,,Overdue,UPS,109.39,253.97,4129.26,4129.26,0.05,206.46,4445.11,WI,Net 30,407,90+ Days
ORD-001238,CUST-00494,2023-11-06,2023-12-06,,Overdue,USPS,71.35,220.5,3481.47,3481.47,0.0575,200.18,3753.0,OH,Net 30,406,90+ Days
ORD-001241,CUST-00051,2023-11-07,2023-11-07,,Overdue,Amazon Logistics,59.05,218.21,3356.01,3356.01,0.055,184.58,3599.64,NE,Due on Receipt,435,90+ Days
ORD-001245,CUST-00410,2023-11-07,2023-11-07,,Overdue,Amazon Logistics,33.71,116.85,1149.05,1149.05,0.056,64.35,1247.11,AZ,Due on Receipt,435,90+ Days
ORD-001261,CUST-00297,2023-11-09,2023-11-09,,Overdue,UPS,18.73,27.32,678.78,0.0,0.04,0.0,697.51,WY,Due on Receipt,433,90+ Days
ORD-001269,CUST-00245,2023-11-10,2023-12-10,,Overdue,DHL,67.01,105.29,2037.41,2037.41,0.065,132.43,2236.85,WA,Net 30,402,90+ Days
ORD-001275,CUST-00276,2023-11-11,2024-01-10,,Overdue,DHL,47.52,69.85,1223.21,1223.21,0.06,73.39,1344.12,PA,Net 60,371,90+ Days
ORD-001297,CUST-00158,2023-11-14,2023-11-14,,Overdue,Amazon Logistics,35.26,123.03,833.67,833.67,0.04,33.35,902.28,GA,Due on Receipt,428,90+ Days
ORD-001302,CUST-00467,2023-11-16,2023-11-16,,Overdue,Amazon Logistics,14.41,39.62,114.52,114.52,0.06875,7.87,136.8,MN,Due on Receipt,426,90+ Days
ORD-001304,CUST-00349,2023-11-16,2023-11-16,,Pending,Amazon Logistics,28.82,97.3,2200.0,2200.0,0.06,132.0,2360.82,PA,Due on Receipt,426,90+ Days
ORD-001306,CUST-00360,2023-11-16,2023-11-16,,Pending,DHL,23.74,26.61,989.37,989.37,0.0,0.0,1013.11,NH,Due on Receipt,426,90+ Days
ORD-001309,CUST-00442,2023-11-16,2023-11-16,,Overdue,FedEx,21.4,28.67,778.55,778.55,0.0625,48.66,848.61,TX,Due on Receipt,426,90+ Days
ORD-001327,CUST-00357,2023-11-18,2023-11-18,,Overdue,USPS,28.36,77.21,913.45,913.45,0.04,36.54,978.35,HI,Due on Receipt,424,90+ Days
ORD-001329,CUST-00284,2023-11-18,2023-11-18,,Overdue,Amazon Logistics,25.86,85.44,1064.13,1064.13,0.0475,50.55,1140.54,NC,Due on Receipt,424,90+ Days
ORD-001336,CUST-00478,2023-11-19,2023-11-19,,Pending,DHL,50.68,75.6,1429.5,1429.5,0.0475,67.9,1548.08,NC,Due on Receipt,423,90+ Days
ORD-001345,CUST-00454,2023-11-20,2023-11-20,,Overdue,UPS,136.82,322.55,5532.61,5532.61,0.04,221.3,5890.73,HI,Due on Receipt,422,90+ Days
ORD-001353,CUST-00471,2023-11-21,2024-01-20,,Overdue,DHL,87.01,141.65,1967.75,1967.75,0.04225,83.14,2137.9,MO,Net 60,361,90+ Days
ORD-001374,CUST-00162,2023-11-22,2023-11-22,,Pending,USPS,31.29,86.98,1500.22,1500.22,0.0,0.0,1531.51,OR,Due on Receipt,420,90+ Days
ORD-001387,CUST-00468,2023-11-24,2023-11-24,,Overdue,Amazon Logistics,38.73,136.91,5281.64,5281.64,0.04,211.27,5531.64,GA,Due on Receipt,418,90+ Days
ORD-001390,CUST-00058,2023-11-24,2023-11-24,,Overdue,UPS,121.41,284.03,4449.5,4449.5,0.065,289.22,4860.13,WA,Due on Receipt,418,90+ Days
ORD-001395,CUST-00269,2023-11-24,2023-11-24,,Overdue,DHL,39.62,55.5,1133.44,1133.44,0.06,68.01,1241.07,WV,Due on Receipt,418,90+ Days
ORD-001396,CUST-00439,2023-11-25,2023-11-25,,Pending,DHL,39.16,54.66,809.46,809.46,0.065,52.61,901.23,WA,Due on Receipt,417,90+ Days
ORD-001404,CUST-00260,2023-11-25,2023-11-25,,Overdue,FedEx,48.32,88.48,3544.64,3544.64,0.065,230.4,3823.36,KS,Due on Receipt,417,90+ Days
ORD-001424,CUST-00172,2023-11-28,2023-11-28,,Overdue,Amazon Logistics,21.2,66.81,3428.09,3428.09,0.0445,152.55,3601.84,LA,Due on Receipt,414,90+ Days
ORD-001427,CUST-00166,2023-11-29,2023-11-29,,Pending,Amazon Logistics,42.63,152.54,4133.1,1417.98,0.0625,88.62,4264.35,IL,Due on Receipt,413,90+ Days
ORD-001433,CUST-00057,2023-11-30,2023-11-30,,Overdue,UPS,78.09,175.72,4340.7,4340.7,0.04,173.63,4592.42,GA,Due on Receipt,412,90+ Days
ORD-001443,CUST-00477,2023-11-30,2024-01-29,,Overdue,DHL,65.58,102.7,4423.25,4423.25,0.0485,214.53,4703.36,UT,Net 60,352,90+ Days
ORD-001446,CUST-00172,2023-12-01,2023-12-01,,Pending,USPS,22.64,58.12,478.2,478.2,0.0445,21.28,522.12,LA,Due on Receipt,411,90+ Days
ORD-001447,CUST-00162,2023-12-01,2023-12-01,,Overdue,FedEx,45.96,83.25,985.35,985.35,0.0,0.0,1031.31,OR,Due on Receipt,411,90+ Days
ORD-001463,CUST-00265,2023-12-04,2023-12-04,,Overdue,UPS,31.16,58.4,1092.36,1092.36,0.0475,51.89,1175.41,NC,Due on Receipt,408,90+ Days
ORD-001469,CUST-00398,2023-12-05,2023-12-05,,Overdue,UPS,24.71,42.28,382.32,382.32,0.04,15.29,422.32,AL,Due on Receipt,407,90+ Days
ORD-001470,CUST-00062,2023-12-05,2023-12-05,,Pending,DHL,23.97,27.04,821.16,821.16,0.06,49.27,894.4,FL,Due on Receipt,407,90+ Days
ORD-001474,CUST-00223,2023-12-06,2023-12-06,,Overdue,USPS,28.9,79.01,3149.24,3149.24,0.0445,140.14,3318.28,LA,Due on Receipt,406,90+ Days
ORD-001481,CUST-00416,2023-12-06,2023-12-06,,Overdue,DHL,53.02,79.86,1546.44,1546.44,0.0575,88.92,1688.38,OH,Due on Receipt,406,90+ Days
ORD-001483,CUST-00369,2023-12-06,2023-12-06,,Overdue,FedEx,10.63,4.73,286.25,286.25,0.05,14.31,311.19,ND,Due on Receipt,406,90+ Days
ORD-001490,CUST-00256,2023-12-06,2023-12-06,,Pending,DHL,54.85,83.18,699.38,699.38,0.06,41.96,796.19,PA,Due on Receipt,406,90+ Days
ORD-001492,CUST-00245,2023-12-07,2024-01-06,,Pending,UPS,21.98,35.46,3403.5,3403.5,0.065,221.23,3646.71,WA,Net 30,375,90+ Days
ORD-001497,CUST-00171,2023-12-08,2023-12-08,,Pending,Amazon Logistics,9.52,20.08,846.56,846.56,0.0575,48.68,904.76,OH,Due on Receipt,404,90+ Days
ORD-001502,CUST-00390,2023-12-09,2023-12-09,,Pending,USPS,45.59,134.62,3208.6,3208.6,0.0625,200.54,3454.73,TX,Due on Receipt,403,90+ Days
ORD-001507,CUST-00219,2023-12-09,2023-12-09,,Pending,UPS,68.92,152.8,1337.4,1337.4,0.0725,96.96,1503.28,CA,Due on Receipt,403,90+ Days
ORD-001515,CUST-00149,2023-12-11,2023-12-11,,Overdue,DHL,39.16,54.66,2343.33,2343.33,0.0,0.0,2382.49,DE,Due on Receipt,401,90+ Days
ORD-001525,CUST-00337,2023-12-12,2024-01-11,,Pending,DHL,164.94,283.34,3678.47,3678.47,0.06,220.71,4064.12,IA,Net 30,370,90+ Days
ORD-001528,CUST-00070,2023-12-12,2023-12-12,,Overdue,FedEx,121.4,250.9,7236.8,7236.8,0.06,434.21,7792.41,PA,Due on Receipt,400,90+ Days
ORD-001544,CUST-00267,2023-12-14,2023-12-14,,Overdue,USPS,35.61,101.36,2206.96,2206.96,0.0625,137.94,2380.51,IL,Due on Receipt,398,90+ Days
ORD-001546,CUST-00106,2023-12-14,2023-12-14,,Overdue,USPS,26.22,70.08,1504.92,1504.92,0.0575,86.53,1617.67,OH,Due on Receipt,398,90+ Days
ORD-001548,CUST-00196,2023-12-14,2023-12-14,,Pending,DHL,19.12,18.22,269.82,269.82,0.065,17.54,306.48,KS,Due on Receipt,398,90+ Days
ORD-001560,CUST-00254,2023-12-16,2023-12-16,,Overdue,USPS,107.66,341.55,4677.19,4677.19,0.07,327.4,5112.25,RI,Due on Receipt,396,90+ Days
ORD-001565,CUST-00208,2023-12-16,2023-12-16,,Pending,UPS,41.9,85.26,595.89,595.89,0.0485,28.9,666.69,UT,Due on Receipt,396,90+ Days
ORD-001575,CUST-00494,2023-12-18,2024-01-17,,Pending,UPS,53.84,115.11,1225.35,1225.35,0.0575,70.46,1349.65,OH,Net 30,364,90+ Days
ORD-001579,CUST-00246,2023-12-18,2023-12-18,,Pending,DHL,14.71,10.2,1533.56,0.0,0.07,0.0,1548.27,IN,Due on Receipt,394,90+ Days
ORD-001582,CUST-00236,2023-12-19,2024-02-17,,Overdue,UPS,71.42,159.06,2239.44,2239.44,0.0475,106.37,2417.23,NC,Net 60,333,90+ Days
ORD-001584,CUST-00317,2023-12-19,2023-12-19,,Pending,FedEx,170.75,360.56,2448.81,2448.81,0.0475,116.32,2735.88,NC,Due on Receipt,393,90+ Days
ORD-001605,CUST-00190,2023-12-22,2023-12-22,,Pending,FedEx,154.63,324.73,5240.17,5240.17,0.065,340.61,5735.41,AR,Due on Receipt,390,90+ Days
ORD-001609,CUST-00414,2023-12-23,2024-02-21,,Pending,Amazon Logistics,33.07,114.28,3570.2,3570.2,0.0725,258.84,3862.11,CA,Net 60,329,90+ Days
ORD-001614,CUST-00043,2023-12-24,2023-12-24,,Pending,DHL,89.81,146.75,1774.12,824.64,0.04,32.99,1896.92,NY,Due on Receipt,388,90+ Days
ORD-001615,CUST-00176,2023-12-24,2023-12-24,,Overdue,UPS,94.0,215.5,3395.8,3395.8,0.05,169.79,3659.59,WI,Due on Receipt,388,90+ Days
ORD-001624,CUST-00431,2023-12-26,2023-12-26,,Overdue,UPS,138.12,325.81,2718.88,2040.1,0.06,122.41,2979.41,FL,Due on Receipt,386,90+ Days
ORD-001626,CUST-00472,2023-12-26,2023-12-26,,Overdue,UPS,82.25,186.13,1915.89,1915.89,0.0475,91.0,2089.14,NC,Due on Receipt,386,90+ Days
ORD-001633,CUST-00458,2023-12-27,2024-01-26,,Overdue,UPS,60.86,132.66,351.9,351.9,0.065,22.87,435.63,WA,Net 30,355,90+ Days
ORD-001645,CUST-00160,2023-12-29,2023-12-29,,Overdue,USPS,21.16,53.2,1334.8,1334.8,0.0575,76.75,1432.71,OH,Due on Receipt,383,90+ Days
ORD-001647,CUST-00437,2023-12-29,2023-12-29,,Overdue,DHL,101.82,168.58,2095.57,1756.18,0.04,70.25,2267.64,NY,Due on Receipt,383,90+ Days
ORD-001650,CUST-00038,2023-12-30,2023-12-30,,Overdue,UPS,40.34,81.35,1357.91,1357.91,0.0,0.0,1398.25,DE,Due on Receipt,382,90+ Days
ORD-001656,CUST-00095,2023-12-30,2023-12-30,,Overdue,USPS,32.62,91.4,452.8,452.8,0.0,0.0,485.42,OR,Due on Receipt,382,90+ Days
ORD-001666,CUST-00334,2023-12-31,2024-02-29,,Overdue,Amazon Logistics,67.79,253.15,5798.99,5798.99,0.07,405.93,6272.71,IN,Net 60,321,90+ Days
ORD-001675,CUST-00163,2024-01-03,2024-01-03,,Pending,UPS,161.99,385.48,4374.92,4374.92,0.06,262.5,4799.41,FL,Due on Receipt,378,90+ Days
ORD-001691,CUST-00222,2024-01-10,2024-01-10,,Pending,DHL,29.45,37.0,3885.35,3885.35,0.0575,223.41,4138.21,OH,Due on Receipt,371,90+ Days
ORD-001692,CUST-00451,2024-01-11,2024-01-11,,Pending,Amazon Logistics,12.82,33.3,2427.1,2427.1,0.04,97.08,2537.0,GA,Due on Receipt,370,90+ Days
ORD-001693,CUST-00185,2024-01-11,2024-01-11,,Pending,Amazon Logistics,28.07,94.3,53.3,53.3,0.0635,3.38,84.75,CT,Due on Receipt,370,90+ Days
ORD-001716,CUST-00219,2024-01-19,2024-01-19,,Overdue,DHL,54.82,83.13,2623.78,2623.78,0.0725,190.22,2868.82,CA,Due on Receipt,362,90+ Days
ORD-001717,CUST-00223,2024-01-20,2024-01-20,,Overdue,UPS,41.9,85.26,4116.55,4116.55,0.0445,183.19,4341.64,LA,Due on Receipt,361,90+ Days
ORD-001729,CUST-00269,2024-01-25,2024-01-25,,Overdue,USPS,25.88,68.95,1221.1,1221.1,0.06,73.27,1320.25,WV,Due on Receipt,356,90+ Days
ORD-001730,CUST-00310,2024-01-25,2024-01-25,,Overdue,FedEx,105.74,216.09,4369.16,4369.16,0.0685,299.29,4774.19,NV,Due on Receipt,356,90+ Days
ORD-001743,CUST-00031,2024-01-28,2024-02-27,,Overdue,FedEx,40.5,71.1,474.52,474.52,0.06,28.47,543.49,MD,Net 30,323,90+ Days
ORD-001745,CUST-00307,2024-01-29,2024-01-29,,Overdue,DHL,90.61,148.2,4530.24,4530.24,0.0625,283.14,4903.99,TX,Due on Receipt,352,90+ Days
ORD-001757,CUST-00496,2024-02-02,2024-02-02,,Pending,Amazon Logistics,48.2,174.78,1628.55,1628.55,0.065,105.86,1782.61,WA,Due on Receipt,348,90+ Days
ORD-001771,CUST-00430,2024-02-07,2024-02-07,,Pending,Amazon Logistics,41.85,149.4,1615.26,1615.26,0.0485,78.34,1735.45,UT,Due on Receipt,343,90+ Days
ORD-001774,CUST-00104,2024-02-08,2024-02-08,,Overdue,Amazon Logistics,9.07,18.3,181.32,181.32,0.0475,8.61,199.0,NC,Due on Receipt,342,90+ Days
ORD-001779,CUST-00332,2024-02-09,2024-03-10,,Overdue,DHL,111.3,185.82,1125.13,1125.13,0.065,73.13,1309.56,AR,Net 30,311,90+ Days
ORD-001785,CUST-00106,2024-02-11,2024-02-11,,Overdue,UPS,21.7,34.74,844.74,844.74,0.0575,48.57,915.01,OH,Due on Receipt,339,90+ Days
ORD-001790,CUST-00267,2024-02-12,2024-02-12,,Overdue,FedEx,84.34,168.54,2101.65,2101.65,0.0625,131.35,2317.34,IL,Due on Receipt,338,90+ Days
ORD-001797,CUST-00260,2024-02-16,2024-02-16,,Overdue,Amazon Logistics,47.7,172.81,4423.44,4423.44,0.065,287.52,4758.66,KS,Due on Receipt,334,90+ Days
ORD-001799,CUST-00246,2024-02-17,2024-02-17,,Overdue,Amazon Logistics,25.2,82.8,1820.24,1820.24,0.07,127.42,1972.86,IN,Due on Receipt,333,90+ Days
ORD-001805,CUST-00337,2024-02-21,2024-03-22,,Pending,Amazon Logistics,77.8,293.2,4957.0,4957.0,0.06,297.42,5332.22,IA,Net 30,299,90+ Days
ORD-001811,CUST-00064,2024-02-24,2024-02-24,,Overdue,USPS,76.39,237.3,4921.56,4921.56,0.04,196.86,5194.81,HI,Due on Receipt,326,90+ Days
ORD-001822,CUST-00048,2024-02-28,2024-02-28,,Pending,UPS,83.26,188.64,1980.9,1697.94,0.06,101.88,2166.04,PA,Due on Receipt,322,90+ Days
ORD-001823,CUST-00289,2024-02-28,2024-02-28,,Overdue,DHL,106.93,177.88,2786.03,2786.03,0.0625,174.13,3067.09,MA,Due on Receipt,322,90+ Days
ORD-001825,CUST-00006,2024-02-28,2024-02-28,,Overdue,FedEx,41.58,73.5,1886.6,1886.6,0.0475,89.61,2017.79,NC,Due on Receipt,322,90+ Days
ORD-001830,CUST-00138,2024-03-01,2024-03-01,,Overdue,DHL,103.69,171.98,1925.62,1925.62,0.0635,122.28,2151.59,CT,Due on Receipt,320,90+ Days
ORD-001837,CUST-00321,2024-03-02,2024-03-02,,Overdue,USPS,56.72,171.72,2401.85,2401.85,0.065,156.12,2614.69,AR,Due on Receipt,319,90+ Days
ORD-001842,CUST-00302,2024-03-02,2024-03-02,,Overdue,FedEx,183.45,388.78,4710.67,4490.59,0.045,202.08,5096.2,SD,Due on Receipt,319,90+ Days
ORD-001845,CUST-00440,2024-03-03,2024-03-03,,Pending,Amazon Logistics,9.7,20.79,45.39,45.39,0.065,2.95,58.04,WA,Due on Receipt,318,90+ Days
ORD-001846,CUST-00151,2024-03-03,2024-03-03,,Overdue,Amazon Logistics,53.23,194.92,2296.52,2296.52,0.06,137.79,2487.54,IA,Due on Receipt,318,90+ Days
ORD-001852,CUST-00024,2024-03-04,2024-04-03,,Overdue,DHL,94.28,154.87,2540.69,1390.52,0.06,83.43,2718.4,FL,Net 30,287,90+ Days
ORD-001854,CUST-00367,2024-03-04,2024-03-04,,Pending,FedEx,86.55,173.44,3318.14,3318.14,0.04225,140.19,3544.88,MO,Due on Receipt,317,90+ Days
ORD-001865,CUST-00436,2024-03-07,2024-03-07,,Overdue,DHL,12.43,6.06,400.0,400.0,0.0,0.0,412.43,AK,Due on Receipt,314,90+ Days
ORD-001869,CUST-00335,2024-03-08,2024-03-08,,Overdue,DHL,70.99,112.53,2841.42,2841.42,0.065,184.69,3097.1,WA,Due on Receipt,313,90+ Days
ORD-001878,CUST-00241,2024-03-09,2024-03-09,,Pending,UPS,169.59,404.47,5874.33,5874.33,0.0625,367.15,6411.07,IL,Due on Receipt,312,90+ Days
ORD-001880,CUST-00463,2024-03-09,2024-03-09,,Overdue,USPS,17.49,40.98,1018.17,0.0,0.04225,0.0,1035.66,MO,Due on Receipt,312,90+ Days
ORD-001886,CUST-00340,2024-03-10,2024-03-10,,Overdue,UPS,12.44,11.6,199.75,199.75,0.05,9.99,222.18,ND,Due on Receipt,311,90+ Days
ORD-001891,CUST-00133,2024-03-11,2024-03-11,,Pending,FedEx,67.91,132.02,74.62,74.62,0.06,4.48,147.01,FL,Due on Receipt,310,90+ Days
ORD-001920,CUST-00134,2024-03-15,2024-03-15,,Overdue,UPS,70.03,155.57,5299.64,5299.64,0.05125,271.61,5641.28,NM,Due on Receipt,306,90+ Days
ORD-001928,CUST-00193,2024-03-16,2024-03-16,,Pending,DHL,138.48,235.23,2460.64,2460.64,0.04,98.43,2697.55,NY,Due on Receipt,305,90+ Days
ORD-001944,CUST-00002,2024-03-20,2024-03-20,,Overdue,Amazon Logistics,11.71,28.84,945.32,945.32,0.04,37.81,994.84,NY,Due on Receipt,301,90+ Days
ORD-001958,CUST-00423,2024-03-22,2024-05-21,,Pending,DHL,48.62,71.85,3126.14,2742.75,0.04,109.71,3284.47,NY,Net 60,239,90+ Days
ORD-001959,CUST-00456,2024-03-23,2024-03-23,,Overdue,FedEx,47.63,86.95,1905.44,1905.44,0.055,104.8,2057.87,NE,Due on Receipt,298,90+ Days
ORD-001968,CUST-00406,2024-03-24,2024-03-24,,Overdue,UPS,62.24,136.1,1514.76,1514.76,0.0,0.0,1577.0,MT,Due on Receipt,297,90+ Days
ORD-001969,CUST-00484,2024-03-24,2024-04-23,,Overdue,UPS,136.12,320.8,7565.45,7565.45,0.0475,359.36,8060.93,NC,Net 30,267,90+ Days
ORD-001970,CUST-00170,2024-03-24,2024-03-24,,Overdue,DHL,105.12,174.58,2373.91,2373.91,0.065,154.3,2633.33,WA,Due on Receipt,297,90+ Days
ORD-001971,CUST-00176,2024-03-25,2024-03-25,,Overdue,USPS,16.18,36.6,362.64,362.64,0.05,18.13,396.95,WI,Due on Receipt,296,90+ Days
ORD-001979,CUST-00364,2024-03-26,2024-03-26,,Pending,FedEx,79.11,156.9,6291.71,2457.81,0.045,110.6,6481.42,SD,Due on Receipt,295,90+ Days
ORD-001983,CUST-00472,2024-03-27,2024-03-27,,Pending,USPS,101.17,319.9,5412.38,5412.38,0.0475,257.09,5770.64,NC,Due on Receipt,294,90+ Days
ORD-001984,CUST-00482,2024-03-27,2024-03-27,,Overdue,USPS,57.15,173.16,4216.83,4216.83,0.055,231.93,4505.91,ME,Due on Receipt,294,90+ Days
ORD-002003,CUST-00480,2024-03-30,2024-03-30,,Overdue,FedEx,20.85,27.45,1209.3,1209.3,0.06,72.56,1302.71,PA,Due on Receipt,291,90+ Days
ORD-002005,CUST-00473,2024-03-30,2024-03-30,,Overdue,USPS,34.01,96.03,2259.18,2259.18,0.04,90.37,2383.56,GA,Due on Receipt,291,90+ Days
ORD-002006,CUST-00026,2024-03-30,2024-04-29,,Pending,FedEx,39.78,69.52,531.44,531.44,0.0575,30.56,601.78,OH,Net 30,261,90+ Days
ORD-002013,CUST-00254,2024-04-01,2024-04-01,,Pending,USPS,80.19,249.97,4707.02,4707.02,0.07,329.49,5116.7,RI,Due on Receipt,289,90+ Days
ORD-002027,CUST-00455,2024-04-04,2024-05-04,,Pending,UPS,17.94,25.34,555.36,555.36,0.045,24.99,598.29,OK,Net 30,256,90+ Days
ORD-002033,CUST-00418,2024-04-05,2024-04-05,,Pending,Amazon Logistics,24.94,81.76,1755.74,1755.74,0.07,122.9,1903.58,MS,Due on Receipt,285,90+ Days
ORD-002038,CUST-00404,2024-04-06,2024-04-06,,Overdue,UPS,45.19,93.48,919.24,919.24,0.0625,57.45,1021.88,IL,Due on Receipt,284,90+ Days
ORD-002039,CUST-00289,2024-04-06,2024-04-06,,Overdue,DHL,40.79,57.61,4845.64,4845.64,0.0625,302.85,5189.28,MA,Due on Receipt,284,90+ Days
ORD-002052,CUST-00224,2024-04-08,2024-04-08,,Pending,USPS,80.02,249.4,3391.3,3391.3,0.06,203.48,3674.8,DC,Due on Receipt,282,90+ Days
ORD-002053,CUST-00166,2024-04-08,2024-04-08,,Pending,FedEx,71.0,138.9,4227.32,4227.32,0.0625,264.21,4562.53,IL,Due on Receipt,282,90+ Days
ORD-002066,CUST-00442,2024-04-10,2024-04-10,,Overdue,UPS,61.57,134.43,1478.74,1478.74,0.0625,92.42,1632.73,TX,Due on Receipt,280,90+ Days
ORD-002074,CUST-00310,2024-04-13,2024-04-13,,Pending,UPS,149.78,354.94,4220.35,4220.35,0.0685,289.09,4659.22,NV,Due on Receipt,277,90+ Days
ORD-002079,CUST-00431,2024-04-14,2024-04-14,,Pending,Amazon Logistics,56.41,207.63,3104.45,3104.45,0.06,186.27,3347.13,FL,Due on Receipt,276,90+ Days
ORD-002080,CUST-00422,2024-04-14,2024-06-13,,Overdue,DHL,154.38,264.15,1939.7,1939.7,0.0625,121.23,2215.31,IL,Net 60,216,90+ Days
ORD-002082,CUST-00046,2024-04-14,2024-05-14,,Overdue,USPS,64.51,197.7,2875.6,2875.6,0.0635,182.6,3122.71,CT,Net 30,246,90+ Days
ORD-002084,CUST-00323,2024-04-14,2024-04-14,,Overdue,USPS,14.25,30.15,1878.63,1878.63,0.0475,89.23,1982.11,NC,Due on Receipt,276,90+ Days
ORD-002086,CUST-00330,2024-04-15,2024-04-15,,Overdue,FedEx,15.66,15.91,81.57,81.57,0.0575,4.69,101.92,OH,Due on Receipt,275,90+ Days
ORD-002094,CUST-00385,2024-04-17,2024-04-17,,Overdue,DHL,37.18,51.06,489.3,105.91,0.055,5.83,532.31,ME,Due on Receipt,273,90+ Days
ORD-002116,CUST-00405,2024-04-21,2024-04-21,,Pending,USPS,43.66,128.2,648.8,648.8,0.04,25.95,718.41,NY,Due on Receipt,269,90+ Days
ORD-002119,CUST-00195,2024-04-22,2024-04-22,,Pending,USPS,156.25,503.49,10491.15,10491.15,0.0725,760.61,11408.01,CA,Due on Receipt,268,90+ Days
ORD-002122,CUST-00244,2024-04-24,2024-04-24,,Pending,USPS,110.21,350.02,6580.64,6580.64,0.0,0.0,6690.85,AK,Due on Receipt,266,90+ Days
ORD-002127,CUST-00209,2024-04-25,2024-04-25,,Pending,USPS,26.19,69.98,1195.08,1195.08,0.0725,86.64,1307.91,CA,Due on Receipt,265,90+ Days
ORD-002129,CUST-00051,2024-04-26,2024-04-26,,Pending,Amazon Logistics,7.86,13.45,232.59,232.59,0.055,12.79,253.24,NE,Due on Receipt,264,90+ Days
ORD-002146,CUST-00083,2024-04-29,2024-05-29,,Overdue,FedEx,30.71,49.36,585.24,585.24,0.07,40.97,656.92,RI,Net 30,231,90+ Days
ORD-002149,CUST-00410,2024-04-29,2024-04-29,,Overdue,USPS,151.36,487.2,9623.99,8266.43,0.056,462.92,10238.27,AZ,Due on Receipt,261,90+ Days
ORD-002153,CUST-00184,2024-04-30,2024-04-30,,Overdue,DHL,73.05,116.27,1797.29,1797.29,0.06,107.84,1978.18,PA,Due on Receipt,260,90+ Days
ORD-002154,CUST-00236,2024-05-01,2024-06-30,,Overdue,FedEx,86.01,172.24,2403.2,2403.2,0.0475,114.15,2603.36,NC,Net 60,199,90+ Days
ORD-002166,CUST-00440,2024-05-02,2024-05-02,,Pending,Amazon Logistics,20.99,65.96,699.64,699.64,0.065,45.48,766.11,WA,Due on Receipt,258,90+ Days
ORD-002169,CUST-00008,2024-05-02,2024-06-01,,Pending,FedEx,147.12,308.05,6279.04,6279.04,0.0475,298.25,6724.41,NC,Net 30,228,90+ Days
ORD-002173,CUST-00467,2024-05-03,2024-05-03,,Overdue,USPS,7.98,9.26,52.72,52.72,0.06875,3.62,64.32,MN,Due on Receipt,257,90+ Days
ORD-002175,CUST-00218,2024-05-03,2024-05-03,,Overdue,FedEx,82.95,165.44,3282.1,3282.1,0.0725,237.95,3603.0,CA,Due on Receipt,257,90+ Days
ORD-002181,CUST-00106,2024-05-04,2024-05-04,,Overdue,DHL,15.78,12.15,3327.84,3327.84,0.0575,191.35,3534.97,OH,Due on Receipt,256,90+ Days
ORD-002184,CUST-00340,2024-05-04,2024-05-04,,Overdue,DHL,165.94,285.17,3270.07,3270.07,0.05,163.5,3599.51,ND,Due on Receipt,256,90+ Days
ORD-002204,CUST-00349,2024-05-08,2024-05-08,,Overdue,UPS,66.74,147.36,2132.56,2132.56,0.06,127.95,2327.25,PA,Due on Receipt,252,90+ Days
ORD-002207,CUST-00328,2024-05-09,2024-05-09,,Overdue,UPS,63.7,139.76,1676.5,1676.5,0.06,100.59,1840.79,PA,Due on Receipt,251,90+ Days
ORD-002214,CUST-00102,2024-05-10,2024-05-10,,Overdue,DHL,161.73,277.51,6834.29,6834.29,0.0,0.0,6996.02,MT,Due on Receipt,250,90+ Days
ORD-002225,CUST-00457,2024-05-11,2024-05-11,,Overdue,UPS,48.98,102.96,2377.61,2377.61,0.0725,172.38,2598.97,CA,Due on Receipt,249,90+ Days
ORD-002234,CUST-00449,2024-05-13,2024-07-12,,Overdue,DHL,18.31,16.74,579.81,579.81,0.07,40.59,638.71,RI,Net 60,187,90+ Days
ORD-002237,CUST-00045,2024-05-14,2024-07-13,,Pending,USPS,32.14,89.81,949.48,0.0,0.0725,0.0,981.62,CA,Net 60,186,90+ Days
ORD-002241,CUST-00491,2024-05-14,2024-05-14,,Pending,FedEx,67.59,131.32,4181.72,4181.72,0.0475,198.63,4447.94,NC,Due on Receipt,246,90+ Days
ORD-002242,CUST-00238,2024-05-14,2024-05-14,,Overdue,Amazon Logistics,24.52,80.08,1865.36,1865.36,0.06,111.92,2001.8,PA,Due on Receipt,246,90+ Days
ORD-002251,CUST-00385,2024-05-15,2024-05-15,,Overdue,UPS,77.4,174.0,1398.99,1398.99,0.055,76.94,1553.33,ME,Due on Receipt,245,90+ Days
ORD-002252,CUST-00112,2024-05-15,2024-05-15,,Pending,FedEx,231.7,496.01,6032.66,6032.66,0.065,392.12,6656.48,WA,Due on Receipt,245,90+ Days
ORD-002253,CUST-00142,2024-05-15,2024-05-15,,Pending,Amazon Logistics,37.66,132.66,351.9,351.9,0.065,22.87,412.43,WA,Due on Receipt,245,90+ Days
ORD-002275,CUST-00443,2024-05-18,2024-05-18,,Overdue,USPS,31.48,87.6,1638.54,1638.54,0.04,65.54,1735.56,NY,Due on Receipt,242,90+ Days
ORD-002280,CUST-00238,2024-05-18,2024-05-18,,Overdue,FedEx,60.16,114.8,1701.19,1701.19,0.06,102.07,1863.42,PA,Due on Receipt,242,90+ Days
ORD-002290,CUST-00138,2024-05-20,2024-05-20,,Overdue,DHL,50.89,75.99,2634.78,1277.22,0.0635,81.1,2766.77,CT,Due on Receipt,240,90+ Days
ORD-002293,CUST-00200,2024-05-21,2024-05-21,,Overdue,FedEx,60.58,115.74,1609.62,1609.62,0.06,96.58,1766.78,IA,Due on Receipt,239,90+ Days
ORD-002301,CUST-00036,2024-05-22,2024-05-22,,Pending,UPS,51.35,108.88,251.52,0.0,0.065,0.0,302.87,AR,Due on Receipt,238,90+ Days
ORD-002322,CUST-00010,2024-05-24,2024-05-24,,Pending,UPS,61.46,134.16,423.44,423.44,0.07,29.64,514.54,IN,Due on Receipt,236,90+ Days
ORD-002335,CUST-00153,2024-05-27,2024-05-27,,Overdue,Amazon Logistics,52.75,193.0,843.6,843.6,0.04,33.74,930.09,NY,Due on Receipt,233,90+ Days
ORD-002339,CUST-00401,2024-05-27,2024-05-27,,Overdue,DHL,210.12,365.5,6845.92,6845.92,0.0635,434.72,7490.76,CT,Due on Receipt,233,90+ Days
ORD-002354,CUST-00085,2024-05-29,2024-05-29,,Pending,UPS,64.05,140.63,1771.64,1771.64,0.04,70.87,1906.56,NY,Due on Receipt,231,90+ Days
ORD-002378,CUST-00047,2024-06-06,2024-06-06,,Overdue,DHL,16.07,12.67,277.68,277.68,0.0475,13.19,306.94,NC,Due on Receipt,223,90+ Days
ORD-002397,CUST-00221,2024-06-12,2024-06-12,,Overdue,FedEx,104.03,212.29,4407.0,4407.0,0.0725,319.51,4830.54,CA,Due on Receipt,217,90+ Days
ORD-002398,CUST-00129,2024-06-12,2024-07-12,,Overdue,DHL,71.62,113.68,2743.8,2743.8,0.0475,130.33,2945.75,NC,Net 30,187,90+ Days
ORD-002408,CUST-00324,2024-06-14,2024-06-14,,Overdue,UPS,183.8,440.01,5558.57,5558.57,0.07,389.1,6131.47,TN,Due on Receipt,215,90+ Days
ORD-002416,CUST-00053,2024-06-16,2024-06-16,,Overdue,DHL,73.66,117.39,370.51,370.51,0.029,10.74,454.91,CO,Due on Receipt,213,90+ Days
ORD-002429,CUST-00008,2024-06-19,2024-07-19,,Overdue,UPS,35.66,69.65,987.07,987.07,0.0475,46.89,1069.62,NC,Net 30,180,90+ Days
ORD-002451,CUST-00329,2024-06-27,2024-06-27,,Overdue,UPS,146.89,347.72,8120.97,6424.02,0.0625,401.5,8669.36,TX,Due on Receipt,202,90+ Days
ORD-002463,CUST-00177,2024-06-30,2024-06-30,,Overdue,USPS,21.67,54.9,2418.6,2418.6,0.0475,114.88,2555.15,NC,Due on Receipt,199,90+ Days
ORD-002468,CUST-00395,2024-07-01,2024-07-01,,Overdue,UPS,65.35,143.88,2363.49,2363.49,0.0625,147.72,2576.56,TX,Due on Receipt,198,90+ Days
ORD-002470,CUST-00411,2024-07-01,2024-07-01,,Overdue,FedEx,89.13,179.18,2725.47,1911.63,0.04,76.47,2891.07,HI,Due on Receipt,198,90+ Days
ORD-002488,CUST-00099,2024-07-04,2024-07-04,,Overdue,Amazon Logistics,58.07,214.27,4484.07,3333.9,0.065,216.7,4758.84,WA,Due on Receipt,195,90+ Days
ORD-002491,CUST-00033,2024-07-06,2024-07-06,,Overdue,USPS,23.45,60.83,465.01,465.01,0.06,27.9,516.36,PA,Due on Receipt,193,90+ Days
ORD-002492,CUST-00112,2024-07-06,2024-07-06,,Pending,Amazon Logistics,50.2,182.8,905.6,905.6,0.065,58.86,1014.66,WA,Due on Receipt,193,90+ Days
ORD-002500,CUST-00434,2024-07-09,2024-07-09,,Overdue,FedEx,89.17,179.27,6094.84,6094.84,0.0,0.0,6184.01,NH,Due on Receipt,190,90+ Days
ORD-002509,CUST-00292,2024-07-12,2024-07-12,,Overdue,USPS,75.78,235.27,5583.26,5583.26,0.04,223.33,5882.37,AL,Due on Receipt,187,90+ Days
ORD-002527,CUST-00071,2024-07-18,2024-07-18,,Pending,Amazon Logistics,29.39,99.54,3987.72,3987.72,0.065,259.2,4276.31,WA,Due on Receipt,181,90+ Days
ORD-002534,CUST-00493,2024-07-20,2024-07-20,,Pending,Amazon Logistics,13.37,35.48,1319.16,1319.16,0.0,0.0,1332.53,OR,Due on Receipt,179,90+ Days
ORD-002535,CUST-00011,2024-07-20,2024-07-20,,Overdue,UPS,54.3,116.24,1803.88,1803.88,0.0725,130.78,1988.96,CA,Due on Receipt,179,90+ Days
ORD-002541,CUST-00406,2024-07-22,2024-07-22,,Pending,DHL,133.22,225.67,7352.83,7352.83,0.0,0.0,7486.05,MT,Due on Receipt,177,90+ Days
ORD-002559,CUST-00264,2024-07-27,2024-07-27,,Pending,UPS,160.14,380.85,7498.4,7498.4,0.0475,356.17,8014.71,NC,Due on Receipt,172,90+ Days
ORD-002562,CUST-00435,2024-07-28,2024-07-28,,Pending,FedEx,148.61,311.36,6875.92,6875.92,0.0,0.0,7024.53,AK,Due on Receipt,171,90+ Days
ORD-002590,CUST-00279,2024-08-05,2024-08-05,,Overdue,DHL,72.11,114.56,661.36,661.36,0.04,26.45,759.92,GA,Due on Receipt,163,90+ Days
ORD-002594,CUST-00339,2024-08-06,2024-08-06,,Overdue,FedEx,47.91,87.58,2808.72,1451.16,0.0575,83.44,2940.07,OH,Due on Receipt,162,90+ Days
ORD-002595,CUST-00193,2024-08-06,2024-08-06,,Overdue,DHL,96.21,158.39,1472.38,1472.38,0.04,58.9,1627.49,NY,Due on Receipt,162,90+ Days
ORD-002598,CUST-00014,2024-08-08,2024-08-08,,Pending,DHL,20.53,20.79,45.39,45.39,0.06,2.72,68.64,MD,Due on Receipt,160,90+ Days
ORD-002599,CUST-00003,2024-08-08,2024-10-07,,Pending,UPS,52.14,110.84,1639.29,1368.01,0.04,54.72,1746.15,NY,Net 60,100,90+ Days
ORD-002602,CUST-00482,2024-08-08,2024-08-08,,Overdue,Amazon Logistics,12.87,33.48,1159.62,1159.62,0.055,63.78,1236.27,ME,Due on Receipt,160,90+ Days
ORD-002603,CUST-00434,2024-08-08,2024-08-08,,Pending,DHL,76.14,121.89,3829.26,3829.26,0.0,0.0,3905.4,NH,Due on Receipt,160,90+ Days
ORD-002605,CUST-00417,2024-08-09,2024-08-09,,Pending,USPS,13.19,26.62,515.48,515.48,0.05,25.77,554.44,WI,Due on Receipt,159,90+ Days
ORD-002637,CUST-00271,2024-08-18,2024-08-18,,Overdue,FedEx,47.6,86.88,1860.73,1181.95,0.04,47.28,1955.61,AL,Due on Receipt,150,90+ Days
ORD-002638,CUST-00347,2024-08-19,2024-08-19,,Overdue,UPS,19.93,30.32,373.36,373.36,0.065,24.27,417.56,WA,Due on Receipt,149,90+ Days
ORD-002656,CUST-00075,2024-08-24,2024-08-24,,Pending,DHL,29.82,37.68,4278.45,4278.45,0.0575,246.01,4554.28,OH,Due on Receipt,144,90+ Days
ORD-002660,CUST-00290,2024-08-26,2024-08-26,,Pending,USPS,47.37,140.56,5329.44,5329.44,0.04,213.18,5589.99,GA,Due on Receipt,142,90+ Days
ORD-002665,CUST-00478,2024-08-27,2024-08-27,,Overdue,DHL,139.76,237.56,3502.78,3502.78,0.0475,166.38,3808.92,NC,Due on Receipt,141,90+ Days
ORD-002680,CUST-00303,2024-08-30,2024-08-30,,Overdue,USPS,49.03,146.11,584.49,584.49,0.06,35.07,668.59,KY,Due on Receipt,138,90+ Days
ORD-002684,CUST-00191,2024-08-31,2024-09-30,,Pending,Amazon Logistics,21.27,67.08,211.72,211.72,0.06,12.7,245.69,PA,Net 30,107,90+ Days
ORD-002685,CUST-00245,2024-08-31,2024-09-30,,Pending,FedEx,24.27,35.04,127.46,127.46,0.065,8.28,160.01,WA,Net 30,107,90+ Days
ORD-002686,CUST-00084,2024-08-31,2024-08-31,,Pending,Amazon Logistics,97.0,369.99,3701.46,3701.46,0.06,222.09,4020.55,WV,Due on Receipt,137,90+ Days
ORD-002703,CUST-00482,2024-09-06,2024-09-06,,Overdue,UPS,104.96,242.9,2912.47,2912.47,0.055,160.19,3177.62,ME,Due on Receipt,131,90+ Days
ORD-002711,CUST-00113,2024-09-07,2024-09-07,,Pending,UPS,32.58,61.95,988.12,988.12,0.06,59.29,1079.99,FL,Due on Receipt,130,90+ Days
ORD-002714,CUST-00024,2024-09-07,2024-10-07,,Overdue,USPS,38.14,109.8,2165.61,2165.61,0.06,129.94,2333.69,FL,Net 30,100,90+ Days
ORD-002716,CUST-00404,2024-09-08,2024-09-08,,Overdue,FedEx,82.71,164.91,4149.28,4149.28,0.0625,259.33,4491.32,IL,Due on Receipt,129,90+ Days
ORD-002720,CUST-00337,2024-09-10,2024-10-10,,Pending,Amazon Logistics,117.75,452.98,6118.42,6118.42,0.06,367.11,6603.28,IA,Net 30,97,90+ Days
ORD-002722,CUST-00349,2024-09-10,2024-09-10,,Overdue,USPS,60.06,182.86,4851.79,1797.28,0.06,107.84,5019.69,PA,Due on Receipt,127,90+ Days
ORD-002729,CUST-00167,2024-09-12,2024-09-12,,Overdue,USPS,37.25,106.83,1770.45,1770.45,0.05,88.52,1896.22,ND,Due on Receipt,125,90+ Days
ORD-002732,CUST-00466,2024-09-13,2024-09-13,,Pending,USPS,13.61,28.05,560.78,560.78,0.065,36.45,610.84,KS,Due on Receipt,124,90+ Days
ORD-002735,CUST-00387,2024-09-13,2024-09-13,,Pending,DHL,73.34,116.8,2508.2,2508.2,0.0625,156.76,2738.3,TX,Due on Receipt,124,90+ Days
ORD-002736,CUST-00128,2024-09-14,2024-09-14,,Overdue,FedEx,77.99,154.43,2683.47,2683.47,0.0485,130.15,2891.61,UT,Due on Receipt,123,90+ Days
ORD-002737,CUST-00481,2024-09-14,2024-11-13,,Pending,UPS,66.19,145.98,4067.7,3253.86,0.06,195.23,4329.12,MD,Net 60,63,61-90 Days
ORD-002765,CUST-00075,2024-09-24,2024-09-24,,Overdue,USPS,20.6,51.32,542.56,0.0,0.0575,0.0,563.16,OH,Due on Receipt,113,90+ Days
ORD-002768,CUST-00029,2024-09-25,2024-10-25,,Overdue,FedEx,35.59,60.2,1547.04,1547.04,0.065,100.56,1683.19,WA,Net 30,82,61-90 Days
ORD-002769,CUST-00256,2024-09-25,2024-09-25,,Pending,UPS,43.23,88.57,3088.88,3088.88,0.06,185.33,3317.44,PA,Due on Receipt,112,90+ Days
ORD-002772,CUST-00148,2024-09-27,2024-09-27,,Overdue,FedEx,76.38,150.85,2377.06,2377.06,0.06,142.62,2596.06,VT,Due on Receipt,110,90+ Days
ORD-002778,CUST-00048,2024-09-30,2024-09-30,,Overdue,FedEx,96.75,196.11,1934.18,1619.78,0.06,97.19,2128.12,PA,Due on Receipt,107,90+ Days
ORD-002797,CUST-00252,2024-10-03,2024-10-03,,Pending,Amazon Logistics,5.87,5.49,241.86,241.86,0.065,15.72,263.45,WA,Due on Receipt,104,90+ Days
ORD-002820,CUST-00467,2024-10-10,2024-10-10,,Overdue,FedEx,18.42,22.05,565.98,565.98,0.06875,38.91,623.31,MN,Due on Receipt,97,90+ Days
ORD-002828,CUST-00219,2024-10-11,2024-10-11,,Overdue,FedEx,18.42,22.05,565.98,565.98,0.0725,41.03,625.43,CA,Due on Receipt,96,90+ Days
ORD-002843,CUST-00205,2024-10-15,2024-11-14,,Pending,UPS,43.92,90.3,2320.56,2320.56,0.04,92.82,2457.3,HI,Net 30,62,61-90 Days
ORD-002845,CUST-00270,2024-10-16,2024-10-16,,Overdue,UPS,160.52,381.8,7770.35,7770.35,0.04,310.81,8241.68,GA,Due on Receipt,91,90+ Days
ORD-002846,CUST-00065,2024-10-16,2024-10-16,,Pending,Amazon Logistics,50.35,183.41,440.74,440.74,0.0725,31.95,523.04,CA,Due on Receipt,91,90+ Days
ORD-002862,CUST-00074,2024-10-22,2024-10-22,,Pending,UPS,41.34,83.85,264.65,264.65,0.06,15.88,321.87,IA,Due on Receipt,85,61-90 Days
ORD-002863,CUST-00079,2024-10-23,2024-10-23,,Pending,FedEx,166.12,350.26,5175.47,5175.47,0.0475,245.83,5587.42,NC,Due on Receipt,84,61-90 Days
ORD-002870,CUST-00328,2024-10-24,2024-10-24,,Pending,FedEx,54.13,101.4,3002.04,3002.04,0.06,180.12,3236.29,PA,Due on Receipt,83,61-90 Days
ORD-002874,CUST-00264,2024-10-25,2024-10-25,,Overdue,USPS,28.29,76.98,813.84,0.0,0.0475,0.0,842.13,NC,Due on Receipt,82,61-90 Days
ORD-002875,CUST-00274,2024-10-25,2024-10-25,,Overdue,UPS,82.58,186.96,1838.48,1838.48,0.04,73.54,1994.6,NY,Due on Receipt,82,61-90 Days
ORD-002887,CUST-00150,2024-10-28,2024-10-28,,Overdue,Amazon Logistics,31.01,106.02,1356.41,1356.41,0.0625,84.78,1472.2,TX,Due on Receipt,79,61-90 Days
ORD-002888,CUST-00430,2024-10-28,2024-10-28,,Pending,Amazon Logistics,5.87,5.49,241.86,241.86,0.0485,11.73,259.46,UT,Due on Receipt,79,61-90 Days
ORD-002891,CUST-00116,2024-10-29,2024-12-28,,Overdue,FedEx,108.69,222.65,4491.99,4491.99,0.065,291.98,4892.66,AR,Net 60,18,1-30 Days
ORD-002892,CUST-00141,2024-10-29,2024-10-29,,Pending,USPS,62.45,190.85,5246.1,5246.1,0.06,314.77,5623.32,PA,Due on Receipt,78,61-90 Days
ORD-002893,CUST-00298,2024-10-29,2024-10-29,,Overdue,FedEx,18.67,22.59,952.38,952.38,0.0,0.0,971.05,MT,Due on Receipt,78,61-90 Days
ORD-002907,CUST-00138,2024-11-01,2024-11-01,,Overdue,UPS,100.54,231.86,457.25,457.25,0.0635,29.04,586.83,CT,Due on Receipt,75,61-90 Days
ORD-002925,CUST-00047,2024-11-03,2024-11-03,,Pending,UPS,22.94,37.84,2290.0,2290.0,0.0475,108.78,2421.72,NC,Due on Receipt,73,61-90 Days
ORD-002930,CUST-00013,2024-11-04,2024-11-04,,Pending,UPS,60.04,130.61,1305.72,1305.72,0.053,69.2,1434.96,VA,Due on Receipt,72,61-90 Days
ORD-002945,CUST-00211,2024-11-05,2024-11-05,,Overdue,FedEx,45.29,81.76,1755.74,1755.74,0.06,105.34,1906.37,PA,Due on Receipt,71,61-90 Days
ORD-002957,CUST-00009,2024-11-05,2024-11-05,,Pending,Amazon Logistics,52.99,193.95,3056.22,3056.22,0.0625,191.01,3300.22,IL,Due on Receipt,71,61-90 Days
ORD-002959,CUST-00331,2024-11-06,2024-11-06,,Pending,USPS,78.57,244.58,5936.43,4019.48,0.065,261.27,6276.27,WA,Due on Receipt,70,61-90 Days
ORD-002960,CUST-00420,2024-11-06,2024-12-06,,Pending,UPS,154.41,366.52,4282.58,2926.18,0.0625,182.89,4619.88,IL,Net 30,40,31-60 Days
ORD-002965,CUST-00428,2024-11-06,2025-01-05,,Pending,FedEx,26.05,39.0,2684.28,2684.28,0.04,107.37,2817.7,GA,Net 60,10,1-30 Days
ORD-002966,CUST-00188,2024-11-06,2024-11-06,,Overdue,Amazon Logistics,57.82,213.3,3788.48,3788.48,0.07,265.19,4111.49,MS,Due on Receipt,70,61-90 Days
ORD-002967,CUST-00099,2024-11-06,2024-11-06,,Overdue,FedEx,54.58,102.39,995.99,995.99,0.065,64.74,1115.31,WA,Due on Receipt,70,61-90 Days
ORD-002972,CUST-00233,2024-11-07,2024-11-07,,Pending,DHL,114.54,191.71,2915.98,2915.98,0.06,174.96,3205.48,FL,Due on Receipt,69,61-90 Days
ORD-002974,CUST-00499,2024-11-07,2024-11-07,,Pending,USPS,16.9,39.0,532.79,532.79,0.07,37.3,586.99,MS,Due on Receipt,69,61-90 Days
ORD-002986,CUST-00302,2024-11-08,2024-11-08,,Overdue,Amazon Logistics,75.54,284.17,6603.72,6603.72,0.045,297.17,6976.43,SD,Due on Receipt,68,61-90 Days
ORD-002987,CUST-00315,2024-11-08,2024-11-08,,Overdue,USPS,7.98,9.26,52.72,52.72,0.04,2.11,62.81,NY,Due on Receipt,68,61-90 Days
ORD-003006,CUST-00381,2024-11-12,2024-11-12,,Overdue,USPS,43.9,129.0,4563.84,4563.84,0.0575,262.42,4870.16,OH,Due on Receipt,64,61-90 Days
ORD-003015,CUST-00225,2024-11-12,2025-01-11,,Pending,FedEx,49.43,90.96,1120.08,1120.08,0.0625,70.0,1239.51,MA,Net 60,4,1-30 Days
ORD-003018,CUST-00271,2024-11-13,2024-11-13,,Pending,USPS,18.84,45.48,560.04,560.04,0.04,22.4,601.28,AL,Due on Receipt,63,61-90 Days
ORD-003029,CUST-00037,2024-11-14,2024-11-14,,Pending,Amazon Logistics,16.55,48.21,4908.27,3758.1,0.053,199.18,5124.0,VA,Due on Receipt,62,61-90 Days
ORD-003030,CUST-00325,2024-11-14,2024-11-14,,Overdue,FedEx,92.31,186.24,2036.96,2036.96,0.0625,127.31,2256.58,IL,Due on Receipt,62,61-90 Days
ORD-003034,CUST-00196,2024-11-15,2024-11-15,,Overdue,Amazon Logistics,81.1,306.41,3664.94,3664.94,0.065,238.22,3984.26,KS,Due on Receipt,61,61-90 Days
ORD-003036,CUST-00480,2024-11-15,2024-11-15,,Pending,FedEx,201.75,429.45,5711.54,5711.54,0.06,342.69,6255.98,PA,Due on Receipt,61,61-90 Days
ORD-003042,CUST-00252,2024-11-16,2024-11-16,,Overdue,Amazon Logistics,17.5,52.0,3579.04,3579.04,0.065,232.64,3829.18,WA,Due on Receipt,60,31-60 Days
ORD-003052,CUST-00144,2024-11-17,2024-11-17,,Overdue,Amazon Logistics,29.19,98.76,2206.56,2206.56,0.0575,126.88,2362.63,OH,Due on Receipt,59,31-60 Days
ORD-003063,CUST-00007,2024-11-18,2024-11-18,,Pending,FedEx,18.52,22.26,403.92,268.28,0.04,10.73,433.17,GA,Due on Receipt,58,31-60 Days
ORD-003092,CUST-00116,2024-11-22,2025-01-21,,Pending,DHL,24.77,28.5,1807.62,1807.62,0.065,117.5,1949.89,AR,Net 60,0,Current
ORD-003093,CUST-00289,2024-11-22,2024-11-22,,Pending,UPS,176.68,422.21,4239.51,4239.51,0.0625,264.97,4681.16,MA,Due on Receipt,54,31-60 Days
ORD-003101,CUST-00251,2024-11-23,2024-11-23,,Overdue,USPS,70.78,218.59,3668.38,3668.38,0.0625,229.27,3968.43,TX,Due on Receipt,53,31-60 Days
ORD-003122,CUST-00307,2024-11-25,2024-11-25,,Overdue,USPS,95.02,299.41,3712.45,3712.45,0.0625,232.03,4039.5,TX,Due on Receipt,51,31-60 Days
ORD-003137,CUST-00436,2024-11-26,2024-11-26,,Pending,FedEx,55.87,105.26,2129.85,2129.85,0.0,0.0,2185.72,AK,Due on Receipt,50,31-60 Days
ORD-003142,CUST-00488,2024-11-27,2024-11-27,,Overdue,Amazon Logistics,37.77,133.1,2577.4,2577.4,0.0625,161.09,2776.26,TX,Due on Receipt,49,31-60 Days
ORD-003150,CUST-00210,2024-11-28,2024-11-28,,Pending,USPS,18.5,44.34,2737.38,2737.38,0.0575,157.4,2913.28,OH,Due on Receipt,48,31-60 Days
ORD-003154,CUST-00433,2024-11-29,2024-11-29,,Overdue,FedEx,75.28,148.41,1574.19,1574.19,0.065,102.32,1751.79,WA,Due on Receipt,47,31-60 Days
ORD-003157,CUST-00344,2024-11-29,2024-12-29,,Pending,FedEx,18.69,22.64,65.44,65.44,0.06,3.93,88.06,WV,Net 30,17,1-30 Days
ORD-003178,CUST-00037,2024-12-02,2024-12-02,,Overdue,UPS,48.48,101.71,836.85,836.85,0.053,44.35,929.68,VA,Due on Receipt,44,31-60 Days
ORD-003189,CUST-00043,2024-12-02,2024-12-02,,Overdue,Amazon Logistics,12.79,33.18,1329.24,1329.24,0.04,53.17,1395.2,NY,Due on Receipt,44,31-60 Days
ORD-003192,CUST-00236,2024-12-03,2025-02-01,,Overdue,FedEx,24.14,34.76,265.72,265.72,0.0475,12.62,302.48,NC,Net 60,0,Current
ORD-003193,CUST-00464,2024-12-03,2024-12-03,,Overdue,Amazon Logistics,5.17,2.7,739.52,739.52,0.065,48.07,792.76,KS,Due on Receipt,43,31-60 Days
ORD-003208,CUST-00434,2024-12-05,2024-12-05,,Overdue,USPS,60.75,185.17,4689.57,4689.57,0.0,0.0,4750.32,NH,Due on Receipt,41,31-60 Days
ORD-003215,CUST-00485,2024-12-06,2024-12-06,,Overdue,Amazon Logistics,48.61,176.44,2503.44,2503.44,0.04,100.14,2652.19,GA,Due on Receipt,40,31-60 Days
ORD-003216,CUST-00237,2024-12-06,2024-12-06,,Overdue,DHL,114.83,192.23,1126.57,1126.57,0.06,67.59,1308.99,PA,Due on Receipt,40,31-60 Days
ORD-003243,CUST-00265,2024-12-08,2024-12-08,,Pending,DHL,126.31,213.1,2964.3,2964.3,0.0475,140.8,3231.41,NC,Due on Receipt,38,31-60 Days
ORD-003244,CUST-00401,2024-12-08,2024-12-08,,Overdue,USPS,11.19,19.98,1456.26,1456.26,0.0635,92.47,1559.92,CT,Due on Receipt,38,31-60 Days
ORD-003245,CUST-00430,2024-12-08,2024-12-08,,Pending,Amazon Logistics,44.27,159.1,815.7,815.7,0.0485,39.56,899.53,UT,Due on Receipt,38,31-60 Days
ORD-003247,CUST-00481,2024-12-09,2025-02-07,,Overdue,DHL,74.05,118.1,3268.51,3268.51,0.06,196.11,3538.67,MD,Net 60,0,Current
ORD-003262,CUST-00241,2024-12-11,2024-12-11,,Overdue,UPS,153.63,364.58,5421.77,5421.77,0.0625,338.86,5914.26,IL,Due on Receipt,35,31-60 Days
ORD-003266,CUST-00353,2024-12-11,2024-12-11,,Pending,FedEx,285.24,614.97,7189.25,7189.25,0.0575,413.38,7887.87,OH,Due on Receipt,35,31-60 Days
ORD-003268,CUST-00294,2024-12-11,2025-02-09,,Pending,UPS,165.53,394.32,3006.33,3006.33,0.07,210.44,3382.3,MS,Net 60,0,Current
ORD-003290,CUST-00081,2024-12-13,2024-12-13,,Pending,USPS,6.85,5.49,241.86,241.86,0.0475,11.49,260.2,NC,Due on Receipt,33,31-60 Days
ORD-003291,CUST-00390,2024-12-13,2024-12-13,,Overdue,Amazon Logistics,63.63,236.51,2175.24,2175.24,0.0625,135.95,2374.82,TX,Due on Receipt,33,31-60 Days
ORD-003306,CUST-00022,2024-12-14,2024-12-14,,Overdue,DHL,37.69,51.98,1242.85,1242.85,0.04,49.71,1330.25,AL,Due on Receipt,32,31-60 Days
ORD-003315,CUST-00123,2024-12-14,2024-12-14,,Overdue,Amazon Logistics,49.3,179.21,2793.19,2793.19,0.065,181.56,3024.05,WA,Due on Receipt,32,31-60 Days
ORD-003318,CUST-00411,2024-12-14,2024-12-14,,Pending,DHL,50.04,74.43,865.23,525.84,0.04,21.03,936.3,HI,Due on Receipt,32,31-60 Days
ORD-003333,CUST-00178,2024-12-16,2025-01-15,,Pending,USPS,56.87,172.22,3399.02,3399.02,0.065,220.94,3676.83,WA,Net 30,0,Current
ORD-003343,CUST-00391,2024-12-17,2024-12-17,,Overdue,Amazon Logistics,17.82,53.28,3883.36,3883.36,0.0475,184.46,4085.64,NC,Due on Receipt,29,1-30 Days
ORD-003345,CUST-00282,2024-12-17,2024-12-17,,Pending,Amazon Logistics,24.79,81.18,181.5,181.5,0.0725,13.16,219.45,CA,Due on Receipt,29,1-30 Days
ORD-003367,CUST-00134,2024-12-19,2024-12-19,,Pending,FedEx,44.44,79.86,1546.44,1546.44,0.05125,79.26,1670.14,NM,Due on Receipt,27,1-30 Days
ORD-003378,CUST-00488,2024-12-20,2024-12-20,,Overdue,DHL,33.26,43.92,1934.88,1934.88,0.0625,120.93,2089.07,TX,Due on Receipt,26,1-30 Days
ORD-003381,CUST-00472,2024-12-21,2024-12-21,,Overdue,UPS,74.06,165.65,1433.18,1433.18,0.0475,68.08,1575.32,NC,Due on Receipt,25,1-30 Days
ORD-003385,CUST-00168,2024-12-21,2024-12-21,,Overdue,UPS,168.33,401.32,2536.54,2536.54,0.04,101.46,2806.33,AL,Due on Receipt,25,1-30 Days
ORD-003390,CUST-00196,2024-12-22,2024-12-22,,Overdue,DHL,61.3,94.9,1374.4,1374.4,0.065,89.34,1525.04,KS,Due on Receipt,24,1-30 Days
ORD-003392,CUST-00081,2024-12-22,2024-12-22,,Overdue,FedEx,75.92,149.82,3696.02,3696.02,0.0475,175.56,3947.5,NC,Due on Receipt,24,1-30 Days
ORD-003394,CUST-00195,2024-12-22,2024-12-22,,Overdue,DHL,142.52,242.58,3528.94,3528.94,0.0725,255.85,3927.31,CA,Due on Receipt,24,1-30 Days
ORD-003407,CUST-00028,2024-12-22,2025-01-21,,Overdue,Amazon Logistics,28.32,95.27,220.08,0.0,0.0625,0.0,248.4,MA,Net 30,0,Current
ORD-003411,CUST-00246,2024-12-23,2024-12-23,,Pending,Amazon Logistics,86.45,327.78,2448.36,2448.36,0.07,171.39,2706.2,IN,Due on Receipt,23,1-30 Days
ORD-003413,CUST-00276,2024-12-23,2025-02-21,,Overdue,FedEx,47.82,87.38,2264.73,2264.73,0.06,135.88,2448.43,PA,Net 60,0,Current
ORD-003415,CUST-00097,2024-12-23,2024-12-23,,Pending,UPS,19.15,28.38,1717.5,1717.5,0.0625,107.34,1843.99,IL,Due on Receipt,23,1-30 Days
ORD-003423,CUST-00460,2024-12-24,2025-01-23,,Overdue,USPS,53.22,160.07,2497.74,2497.74,0.06,149.86,2700.82,PA,Net 30,0,Current
ORD-003424,CUST-00468,2024-12-24,2024-12-24,,Overdue,USPS,138.28,443.6,5640.02,5640.02,0.04,225.6,6003.9,GA,Due on Receipt,22,1-30 Days
ORD-003433,CUST-00048,2024-12-25,2024-12-25,,Pending,Amazon Logistics,41.06,146.24,724.48,724.48,0.06,43.47,809.01,PA,Due on Receipt,21,1-30 Days
ORD-003438,CUST-00148,2024-12-25,2024-12-25,,Pending,Amazon Logistics,10.41,23.65,1431.25,1431.25,0.06,85.88,1527.54,VT,Due on Receipt,21,1-30 Days
ORD-003448,CUST-00419,2024-12-27,2024-12-27,,Pending,USPS,36.91,105.7,955.8,955.8,0.06,57.35,1050.06,VT,Due on Receipt,19,1-30 Days
ORD-003449,CUST-00107,2024-12-27,2024-12-27,,Overdue,Amazon Logistics,11.34,27.34,185.26,185.26,0.04,7.41,204.01,GA,Due on Receipt,19,1-30 Days
ORD-003455,CUST-00406,2024-12-27,2024-12-27,,Overdue,FedEx,55.4,104.22,942.67,942.67,0.0,0.0,998.07,MT,Due on Receipt,19,1-30 Days
ORD-003458,CUST-00316,2024-12-27,2024-12-27,,Overdue,DHL,48.58,71.79,1614.56,257.0,0.05125,13.17,1676.31,NM,Due on Receipt,19,1-30 Days
ORD-003464,CUST-00223,2024-12-28,2024-12-28,,Overdue,DHL,175.36,302.29,4441.03,4441.03,0.0445,197.63,4814.02,LA,Due on Receipt,18,1-30 Days
ORD-003465,CUST-00155,2024-12-28,2024-12-28,,Pending,DHL,45.48,66.15,1697.94,1697.94,0.045,76.41,1819.83,SD,Due on Receipt,18,1-30 Days
ORD-003467,CUST-00243,2024-12-28,2025-02-26,,Overdue,DHL,183.75,317.54,4429.45,4429.45,0.06,265.77,4878.97,FL,Net 60,0,Current
ORD-003487,CUST-00398,2024-12-29,2024-12-29,,Overdue,DHL,22.31,24.02,249.37,249.37,0.04,9.97,281.65,AL,Due on Receipt,17,1-30 Days
ORD-003494,CUST-00009,2024-12-30,2024-12-30,,Pending,Amazon Logistics,15.2,42.8,756.84,756.84,0.0625,47.3,819.34,IL,Due on Receipt,16,1-30 Days
ORD-003498,CUST-00303,2024-12-31,2024-12-31,,Overdue,UPS,191.37,458.92,6847.4,6847.4,0.06,410.84,7449.61,KY,Due on Receipt,15,1-30 Days
ORD-003499,CUST-00198,2024-12-31,2024-12-31,,Overdue,USPS,33.23,93.44,1844.82,1844.82,0.0475,87.63,1965.68,NC,Due on Receipt,15,1-30 Days
